ID,sequence,8A signature,stachelhaus code,spec
O05647,KAVVMPGAAVVNLLAWHRREIPAGAGTTVAQFASLSFDVAAQEILSTLLYGATLAVPTDAVRRDADAFAAWLEEYRVNELYAPNLVVEALAEAAAEQGRTLPDLRHIAQAGEALTAGPRVRDFCAALPGRRLHNHYGPAETHVMTGI,LWHAFDVAAQESYAAQAGEHNHYGPAETHVMTGI,DVQYAAHVM-,pro
O05647,KGVPVPHRSVASVLVPLIEEFGLGPGSRVLQFASISFDAALWEITLALLSGATLVVAPAEQLQPGPALAELVARTGTTFLTLPPTALAVLADDALPAGVDLVVAGEATSPDQVGRWSTGRRMTNAYGPTEAAVCTTI,VPLAFDAALWELTLVVAGETNAYGPTEAAVCTTI,DAWTVAAVC-,phe
O05819,KGVIGTHRALSAYADDHIERVLRPAAQRLGRPLRIAHAWSFTFDAAWQPLVALLDGHAVHIVDDHRQRDAGALVEAIDRFGLDMIDTTPSMFAQLHNAGLLDRAPLAVLALGGEALGAATWRMIQQNCARTAMTAFNCYGPTETTVEAVV,YDHWFDAAWQPADTALGGEFNCYGPTETTVEAVV,DAQDAGCVE-,lys
O07944,KAVVMPGAALVNLLAWHRREIPGEAGAPVAQFTTIGFDVAAQEILATWLHGKTLAVPSQEVRRSAEQLAAWLDEQHVSELYAPNLVIEALAEAAAEAGRTLPALRHIAQAGEALTLTRTVREFAAAVPGRQLHNHYGPAETHVMTGT,LWHTFDVAAQEAYAAQAGEHNHYGPAETHVMTGT,DVQYAAHVM-,pro
O07944,KGVVVAHRSLAATVPAQAAAFGLGTHSRVLNFASISFDAAVWELTSALFTGAGLVLADADDLLPGPSLARLVHDRHITLIALPPSALPALPDGALPPGTDLIVAGDATAPDQAARFAPGRRMVNAYGLTETTVCATM,TAQAFDAAVWESALIVAGDVNAYGLTETTVCATM,DAWAIAAVC-,phe
O07944,KAVVMPHAGLANLLTWHARRFPGGTGVRTAQFTAIGFDFSVQEILSPLVMGKTLAVPSEEVRHSAELLAGWLETQQINELFAPNLVIEALAEAAAEAGRTLPDLTDILQGGEALAPTERVRAFTAAVPGRRLHNVYGPAETHAVTTH,LWHTFDFSVQESFALQGGEHNVYGPAETHAVTTH,DFQFLGVAV-,pip
O07944,KGIGITHRDAIALAADRCWDLDTGSRVLMHSPYAFDISTFELFAPLLAGGRIVVAPRGDIDAAVLQRTLAAHGVTSLLLTAGLLGVIADEAPEVFTGVKDVWTGGDVVSPTAVRRVLEACPGTVVKTLYGPTETTLGCTW,LDRSFDISTFEALLWTGGDKTLYGPTETTLGCTW,DIFLWGLLG-,phg
O30408,KGVMLEHRNMANLMHFTFDQTNIAFHEKVLQYTTCSFDVCYQEIFSTLLSGGQLYLITNELRRHVEKLFAFIQEKQISILSLPVSFLKFIFNEQDYAQSFPRCVKHIITAGEQLVVTHELQKYLRQHRVFLHNHYGPSETHVVTTC,LFTTFDVCYQESSLITAGEHNHYGPSETHVVTTC,DVQSIAHVV-,pro
O30408,KGVMVEHRGIVNSVTWNRDEFALSVRDSGTLSLSFAFDAFALTFFTLIVSGSTVVLMPDHEAKDPIALRNLIAAWECSYVVFVPSMFQAILECSTPADIRSIQAVMLGGEKLSPKLVQLCKAMHPQMSVMNAYGPTESSVMATY,SWNLFDAFALTTVFMLGGEMNAYGPTESSVMATY,DALVMGAVM-,phe
O30408,KGVMLEHKGVANLQAVFAHHLGVTPQDRAGHFASISFDASVWDMFGPLLSGATLYVLSRDVINDFQRFAEYVRDNAITFLTLPPTYAIYLEPEQVPSLRTLITAGSASSVALVDKWKEKVTYVNGYGPTESTVCATL,LVFAFDASVWDGTLITAGSVNGYGPTESTVCATL,DAWTIAGVC-,phe
O30409,KGAMITHQGLVNYIWWANKVYVQGEAVDFPLYSSISFDLTVTSIFTPLLSGNTIHVYRGADKVQVILDIIKDNKVGIIKLTPTHLKLIEHIDGKASSIRRFIVGGENLPTKLAKQIYDHFGENVQIFNEYGPTETVVGCMI,YWASFDLTVTSTKLIVGGEFNEYGPTETVVGCMI,DLTKIGEVG-,asn
O30409,KGVMISHQAICNHMLWMRETFPLTTEDAVLQKTPFSFDASVWEFYLPLITGGQLVLAKPDGHRDIAYMTRLIRDEKITTLQMVPSLLDLVMTDPGWSACTSLQRVFCGGEALTPALVSRFYETQQAQLINLYGPTETTIDATY,HWMTFDASVWELQMFCGGEINLYGPTETTIDATY,DAWQFGLID-,gln
O30409,KGVMVEHRGIVNNVLWKKAEYQMKVGDRSLLSLSFAFDAFVLSFFTPVLSGATVVLAEDEEAKDPVSLKKLIAASRCTLMTGVPSLFQAILECSTPADIRPLQTVTLGGEKITAQLVEKCKQLNPDLVIVNEYGPTESSVVATW,NWKLFDAFVLSTTGTLGGEVNEYGPTESSVVATW,DALTTGEVV-,tyr
O30409,KGVMVEHRNVTRLVMHTNYVQVRESDRMIQTGAIGFDAMTFEIFGALLHGASLYLVSKDVLLDAEKLGDFLRTNQITTMWLTSPLFNQLSQDNPAMFDSLRALIVGGEALSPKHINRVKSALPDLEIWNGYGPTENTTFSTC,LHTGFDAMTFEGWLIVGGEWNGYGPTENTTFSTC,DAFWIGGTF-,val
O30409,KGVVIEHRSYANVAFAWKDEYHLDSFPVRLLQMASFAFDVSTGDFARALLTGGQLVICPNGVKMDPASLYETIRRHEITIFEATPALIMPLMHYVYENELDMSQMKLLILGADSCPAEDFKTLLARFGQKMRIINSYGVTEACIDTSY,VAWAFDVSTGDREAILGADINSYGVTEACIDTSY,DVGEIGSID-,orn
O30409,KGVMIPHQGIVNCLQWRRDEYGFGPSDKALQVFSFAFDGFVASLFAPLLGGATCVLPQEAAAKDPVALKKLMAATEVTHYYGVPSLFQAILDCSTTTDFNQLRCVTLGGEKLPVQLVQKTKEKHPAIEINNEYGPTENSVVTTI,CWRFFDGFVASAYGTLGGENNEYGPTENSVVTTI,DGAYTGEVV-,leu
O30980,KGVQFEHRNMANLLQFEFTRSGIDFENDVLQFATPAFDVCYQEIFSTLLGGGTLHIVPEAIKRDVPQLFAFIKEHQTTISVSPTAFIKMIFSEQEFANAFPHDVKHLITAGEQLIVSSLLQDVLRQRSMYLHNHYGPSETHVVSAY,LFEAFDVCYQESVSITAGEHNHYGPSETHVVSAY,DVQVIAHVV-,pro
O30980,KGVQVEHQSAVNFLNSLQFRYPLNQSDVILHKTSYSFDASIWELFWWPYGGASVYLLPQGGEKEPDMILKVIEEQQITAMHFVPSMLHAFLEYLKNGPVPIKTNRLKRVFSGGEQLGAHLVSRFCELLPDVTLTNSYGPTEATVEAAF,FSLTFDASIWEWHFFSGGETNSYGPTEATVEAAF,DAWHFGSVE-,glu
O30980,KGVMVEHKGIANTLQWRRNAYTLNETDTVLQLFSFSFDGFLTSMFTPLLSGAKTVLPDENEAKDILSIKHDLSHHRITHMIIVPVLYRALLDVIQPEDAKTLRVVTLAGEAADRELIDRSMAICPNTELANEYGPTENSVATTA,TWRFFDGFLTSTIITLAGEANEYGPTENSVATTA,DGTITAEVA-,tyr
O30981,KGVAVEHRQAVSFLTGMQMQFPLEEDDIIMMKTSFSFDASVWQLFWWTLSGASAYLLPSGWEKDPALMVKAIREEGVTTAHFIPAMLNSFLDQAEIEAPRSLKRVFAGGEPLAPHTAARFASLLPETSLVHGYGPTEATVDAAF,FGMTFDASVWQWHFFAGGEVHGYGPTEATVDAAF,DAWHFGGVD-,glu
O30981,KGVMIEQRSVIRLVKNSNYIEFTPEDRLLLTSSLGFDVVTFEILGPLLNGAALHLTDKETFLDSHQLKRYIEQNGITTMWLTASLFNHLTEQNEKIFSRLINLIIGGEALSASHVNRIKQACPELSIWNGYGPTENTTFSTC,LNSSFDVVTFEGWLIIGGEWNGYGPTENTTFSTC,DVFWIGGTF-,val
O33743,KGVVVPHRAPAAVVPLLRDLYGIGPEETVLHFHGAGGDTSLEEILPALTGGATLVIDDAAPEGFARVAEEQQVSVAILPTGFWSSLTGDLLHQGARLPESLRTVVIGGEAVRADMLERWRRLPGTDGVRLLNTYGSTETALVTHA,VLLHGDTSLEEPILVIGGELNTYGSTETALVTHA,DTEIVGTLV-,lys-b
O52819,KGVAITHGTIAELAEDPGWVMEPGEAVLMHSPHTFDASLFEVWTPLSLGARVVIAEPGSVDVRRLREAAAAGVTRVYLTAGSFRAVAEESPESFAAFREVLTGGDVVPAHAVERVREACPGARVRNMYGPTEATMCATW,LDPSFDASLFETYLLTGGDRNMYGPTEATMCATW,DAFYLGMMC-,leu
O52819,KGVVVTHAGLGNLALAHIDRFAVAPSSRVLQFAALGFDTIVSEVMMALLSGATLVVPPEQDLPPKATLTETLERWDVTHVKAPPSVLGTVDALPDRVETVVAAGELCPPGLVDRLSADQRMINAYGPTETTICATV,LAHAFDTIVSEMKAVAAGEINAYGPTETTICATV,DTSKVAAIC-,bht
O52819,KAVVITHRNLTNYLFHCGRMYPGLRGRSVMHSSIAFDLTITAMFTPLTVGGTVHVGALEAVIGAVDSAPSIFLKATPSHLRTLDTGSRESAVSGDLLLGGEQLPVDTIVQWRRTYPNTVVVNEYGPTEATVGCVE,YHCSFDLTITATKALLGGEVNEYGPTEATVGCVE,DLTKLGEVG-,asn
O52820,KGVAVSHGNVAALVGEPGWGVGPDDAVLMHASHAFDISLFEMWVPLLSGARLVLAGSGAVDGEALAGYVAGGVTAAHLTAGAFRVLADESPESVVGLREVLTGGDAVPLAAVERVRRTCPDVRVRHLYGPTEATLCATW,LEPAFDISLFEVHLLTGGDRHLYGPTEATLCATW,DIFHLGLLC-,hpg
O52820,KGVAVPHGSVAALASDPGWSQGPDDCVLLHASHAFDASLVEIWVPLVNGSRVMVAEPGAVDAERLREAISRGVTTVHLTAGAFRAVAEESPDSFTGLREILTGGDAVPLASVVRMRRACPDVRVRQLYGPTEITLCATW,LDPAFDASLVEVHLLTGGDRQLYGPTEITLCATW,DAVHLGLLC-,hpg
O52820,KGVLVTHSGLVNLGYAHIERMAVTSSSRVLQLSAIGFDAIVSELYMALLAGATLVLPDSANMPPRVTLGDAIRKAGITHLTVSPSVLASEDDLPDTLQTVLTGGEALPAALVDRWSPGRRVIQAYGPTETTICSTM,LAHSFDAIVSEMTVLTGGEIQAYGPTETTICSTM,DASTLGAIC-,bht
O52821,KGVAIPHGAVAGLAGDSGWQIGPDDGVLMHATHVFDPSLYAMWVPLVAGGRVLLTEPGVLDAAGVRQAVERGATAVHLTAGSFRALAETSPECFAGLVEIGTGGDVVPAQSVANLRRAQPGLRVRNTYGPTETTLCATW,LDSAFDPSLYAVHLGTGGDRNTYGPTETTLCATW,DPYHGGTLC-,dhpg
O66069,KGVMIEHRQVHHLVRGLQQAVGAYDQDDLKLALLAPFHFDASVQQIFTSLLLGQTLYIVPKKTVSDGRALSDYYRRHQIDVTDGTPAHLQLLSAADDLSGVKLRHMLVGGEALSRVATERLLQLFAEtaESVPDVTNVYGPTETCVDASS,LGLAFDASVQQTDGLVGGETNVYGPTETCVDASS,DAQDLGVVD-,gln
O66069,KGNMVSHRNILRTVKNTNYLDVMTSDIVLSISNYVFDAFMFDVFGSLLNGAKLVIAPKDTILDMSRLAHVLEKEKVTVLMITTALFNLLTDMRPDSLKGLRRVLFGGERASVDHVRRALNTVGKGRLLHMYGPSESTVFTTY,TNTSFDAFMFDGMILFGGELHMYGPSESTVFTTY,DAFMLGMVF-,leu
O66069,KGVMVEHRSLVNLCYWHNDAFKVTEQDKSAKYAGFGFDASVWEMFPYWIAGAELHIIDEAIRMDITRLNQYFEENKITITFLPTQLCEQFMELDNQSLRVLLTGGDKLKRIAKRSYTLVNNYGPTENTVVATS,LWHAFDASVWEPFLLTGGDVNNYGPTENTVVATS,DAWFLGNVV-,leu
O66070,KGVMVEHRNIVRLVKNAGCIPLKSGVKMAQTGAVSFDASTFEVFGALLNGGTLYPVPKETLLDGKRFNMFLKETGITTMWLTSPLFNQLAQQDPGMFATLNDLIIGGDALVPGIVNRVKRESPELSLWNGYGPTENTTFSTC,LNAGFDASTFEGWLIIGGDWNGYGPTENTTFSTC,DAFWIGGTF-,val
O66070,KGVQLEHRNLANYVSWFINEAHLSSSDKTMLLSSYAFDLGYTSFFPVLLAGGELHIVPKETYTEPEAFTHYIGEQGITYMKLTPSLFHTVVQPQSFALAKGLQSLRLIVLGGEKINPKDVERFHSRYPDTRFINHYGPTETTIGAIA,YWFSFDLGYTSPKLVLGGEINHYGPTETTIGAIA,DLTKVGHIG-,asp
O66070,KGVMVEHRSLVNLCYWHNDAFKVTEHDKSAKYAGFGFDASVWEMFPYWIAGAELHIIDEAIRMDITRLNQYFEENKITITFLPTQLCEQFMELDNQSLRVLLTGGDKLKRIAKRSYTLVNNYGPTENTVVATS,LWHAFDASVWEPFLLTGGDVNNYGPTENTVVATS,DAWFLGNVV-,leu
O66071,KGNLTTHANITRVVKETNYISLSEKDTLLSLSNYAFDGFTFDVYGALLNGAKLVVADQATILHIGKLTETIQKENITVMFVTTALFNLLVDAGTEWMKGIRKVLFGGERSSVSHVKKAFAAMGPDRIIHVYGPTETTVFATF,VETSFDGFTFDGFVLFGGEIHVYGPTETTVFATF,DGFFLGVVF-,ile
O68006,KGVITPHYSVIRVVQNTNYIDITEDNVILQLSNYSFDGSVFDIFGALLNGASLVMIEKEALLNINRLGSAINEEKVSVMFITTALFNMIADIHVDCLSNLRKILFGGERASIPHVRKVLNHVGRDKLIHVYGPTESTVYATY,VNTSFDGSVFDGFILFGGEIHVYGPTESTVYATY,DGFFLGVVY-,ile
O68006,KGVQITHVPQRNTILDINEKFNVTEQDNIMGISSLCFDLSVYDVFGALSSGASLVIIDDQRDVFSLKETAEKERITIWNSVPAIMGMTADVYPDNELNHHLRLILLSGDWIPLQLPATIKKTFKNAEVISLGGATEGSIWSIY,TDISFDLSVYDGNSLLSGDISLGGATEGSIWSIY,DLYNLSLIW-,cys
O68006,KGVMIEHQSLINLCSWHQSCFEVGQNDNSSIYASISFDAFVWELFPYITAGATVHVLNQETRLDVEKLNRYFHDHHITISFLPTPVCEQFTALDNHSLRTLLTGGDKLNVFKEKSYQIVNNYGPTENTVVATS,LWHAFDAFVWEPFLLTGGDVNNYGPTENTVVATS,DAWFLGNVV-,leu
O68006,KGVMIEHHSVNNLVHGLNERIYQHLDAHLNVALVAPYIFDASVKQIFAALLFGHTLCIVPRETAWDAMSLIEYYSKNNINVSDMTPAHLNMLAYVDKTELEFDVKELIVGGDALTPDVIGGLFHKFPNLSCNITNVYGPTECCVDAAS,LGLAFDASVKQADMIVGGDTNVYGPTECCVDAAS,DAKDIGVVD-,glu
O68006,KGVVIPHYSAARVVKNTNYIDITGNDVILQLSNYSFDGSVFDIFGALLNGASLVLIEKETVLNTHELAEVIKKEQVSVMFITTALFNTLADINIGCLAKLRKILFGGERASIPHVRKVLDHVGRDKLIHVYGPTESTVYATY,VNTSFDGSVFDGFILFGGEIHVYGPTESTVYATY,DGFFLGVVY-,ile
O68007,KGVMTTHRNVVHYVDAFTKRIPLSEHDTVLQVVSFSFDAFSEEVYPILACSGRLVISRKVSDLNIDELVKTIGKYRVTLVSCSPLLLNEIDKNQHLTFHPQMKFISGGDVLKFEYVENIIKGADVYNSYGPTEATVCATY,YAFVFDAFSEEPSCISGGDYNSYGPTEATVCATY,DAESIGSVC-,lys
O68007,KGVMVEHRNIIHAHYTWRKHYELASFSVNLLQLASMSFDVFAGDLCRSLLNGGTMYIVPDDVKLEMNLLYDMINKYGIHMLESTPSLIIPLMKYIDHHKLDFSSMKLLIMGSDTCTIKDYKWLVERFGQRMRIINSYGVTEASVDSGY,ATWAFDVFAGDRESIMGSDINSYGVTEASVDSGY,DVGEIGSVD-,orn
O68008,KGVVTPHYSAARVVKNTNYIDITEDDAILQLSNYSFDGSVFDIFGALLNGASLVLIEKETVLNTHELAEVIKKEQVSVMFITTALFNTLADINIGCLAKLRKIFLGGERASIPHVRKVLNHVGRDKLIHVYGPTESTVYATY,VNTSFDGSVFDGFIFLGGEIHVYGPTESTVYATY,DGFFFGVVY-,ile
O68008,KGVLIEQKGLSNLVSAVVKLMHLNTGSRVIQFASLSFDASAFEIFPALAAGSALVLGRQEEMMPGQPLTSFLRQYNITHATLPPTVLDVLNESGLENLKVIVSAGSACSEELAKRWSGNRLFINAYGPTETTVCATA,LAVAFDASAFEPTLVSAGSINAYGPTETTVCATA,DAFTVAAVC-,phe
O68008,KGVMVNHQSIVNTLYWRKQSYGYSTADATLQVPSFSFDSSVEDIFTTLISGAKLVLIRDLRMNPREIIGVLRTHKATNLLAVPSFYLNLLDTIEQPLDDLRFVTVAGEGFNESLIRQHFEKLPNVKLFNEYGPTENSVCSTR,TWRPFDSSVEDTLATVAGEFNEYGPTENSVCSTR,DSELTAEVC-,his
O68008,KGVFVRHGNVVNYTTWFMKEAGLTENDKAMLVSSYAFDLGYTSIFSALLSGSELHIARKECYTNAHRALKYIKENGITYIKLTPSLFNIFVNDPGFSAEKPCATLRLVVLGGEMINTRDVETFYNQYPDHVVMNHYGPTETTIGSVF,YWFSFDLGYTSSKLVLGGEMNHYGPTETTIGSVF,DLTKVGHIG-,asp
O68008,KGVMIRQRGLVNYITWADRVYVQGEQLDFALYSSIAFDLTVTSIFTPLISGNRVIVYRHSEDGEPLIRKVFRDQKAGIVKLTPSHLSLVKDMDASGSSIKRLIVGGEDLKTELAKEITERFHHNIEIYNEYGPTETVVGCMI,YWASFDLTVTSTKLIVGGEYNEYGPTETVVGCMI,DLTKIGEVG-,asn
O68487,KGVVNTHRNVVRLFDATRPWFDFGPDDVWTLFHSYAFDFSVWELWGALLHGGRLVVVPYDVSRSPHAFLDLLADQGVTVLNQTPSAFHQLAQAAADPGRPPRRLALRTVVFGGEALQPARLAEWYRRHPEDTPQLVNMYGITETTVHVTH,LATHFDFSVWEGNQVFGGEVNMYGITETTVHVTH,DFWNVGMVH-,thr
O68487,KGVIATHRNITALALDPRFDPTAHRRVLLHSPTAFDASTYEIWVPLLNGNTVVLAPTGDLDVHTYHRVITDQQITAVFLTTALFNLLTEHDPACLAGVREVWTGGEAVSAFSVRRVQEACPSVVVVDVYGPTETTTFATH,LDPSFDASTYEVFLWTGGEVDVYGPTETTTFATH,DAYFWGVTF-,val
O69246,KGVMVEHRNIVRLVKNAGCIPLKSGVKMAQTGAVSFDASTFEVFGALLNGGTLYPVPKETLLDGKRFNMFLKETGITTMWLTSPLFNQIAQQDPGMFATLNDLIIGGDALVPGIVNRVKRESPELSLWNGYGPTENTTFSTC,LNAGFDASTFEGWLIIGGDWNGYGPTENTTFSTC,DAFWIGGTF-,val
O69246,KGVQLEHRNLANYVSWFISEAHLSASDKTMLLSSYAFDLGYTSFFPVLLAGGELHIVPKETYTEPEAFTHYIGEQGITYMKLTPSLFHTVVQPQSFALAKGLQSLRLIVLGGEKINPKDVERFHSRYPDTRFINHYGPTETTIGAIA,YWFSFDLGYTSPKLVLGGEINHYGPTETTIGAIA,DLTKVGHIG-,asp
O69246,KGVMVEHRSLVNLCYWHNDAFKVTEHDKSAKYAGFGFDASVWEMFPYWIAGAELHIIDEAIRMDITRLNQYFEENKITITFLPTQLCEQFMELDNQSLRVLLTGGDKLKRIAKRSYTLVNNYGPTENTVVATS,LWHAFDASVWEPFLLTGGDVNNYGPTENTVVATS,DAWFLGNVV-,leu
O69247,KGNLTTHANITRVVKETNYISLSEKDTLLSLSNYAFDGFTFDVYGALLNGAKLVVADQATILHIGKLTETIQKENITVMFVTTALFNLLVDAGTEWMKGIRKVLFGGERSSVSHVKKAFAAMGPDRIIHVYGPTETTVFATF,VETSFDGFTFDGFVLFGGEIHVYGPTETTVFATF,DGFFLGVVF-,ile
O76858,KGVRLPHESILNRLQWQWATFPYTANEAVSVFKTALTFVDSIAELWGPLMCGLAILVVPKAVTKDPQRLVALLERYKIRRLVLVPTLLRSLLMYLKMEGGGAAQKLLYNLQIWVCSGEPLSVSLASSFFDYFDEGVHRLYNFYGSTEVLGDVTY,RWQTFVDSIAEGVLVCSGEYNFYGSTEVLGDVTY,VDAVVSFGD-,ala-b
O85168,KGVMNEHLGVVNRLLWARDAYQVNSQDRVLQKTPCGFDLSVWEFFLPLLTGAELVMAPPGGHQDPDYLAQVMSDAGITLLHFVPSMLDVFLEHRSTRDFPQLRRVLCSGEALPRALQRRFEQQLKGVELHNLYGPTEAAIDVTA,RWATFDLSVWELHFLCSGEHNLYGPTEAAIDVTA,DLWHLSLID-,ser
O85168,KGVMNEHLGVVNRLLWARDAYQVNSQDRVLQKTPFGFDVSVWEFFLPLLTGAELVMARPSGHQDPDYLAQVISDAGITLLHFVPSMLDVFLEHRSTRDFPQLRRVLCSGEALPRALQRRFEQHLKGVELHNLYGPTEAAIDVTA,RWATFDVSVWELHFLCSGEHNLYGPTEAAIDVTA,DVWHLSLID-,ser
O85168,KGVMIEHRGLVNYSVDAARLFDLSPTDTVLQQNTLNFDLSVEEIFPALLAGATLTPSREIFgsEgTENHGINPTVLHLTAAHWHTLVAEWHKQPQVAEQRLQHVRLINVTGDALSAQKLKLWDEVRPAHTRLINTYGPTEATVSCTA,YDANFDLSVEEPHLNVTGDINTYGPTEATVSCTA,DLEHNTTVS-,dab
O85168,KGVMIEHRGLVNYSVDAARLFDLSQSDTVLQQNTLNFDLSVEEIFPALLAGATLAPSREIFgsEgTETHGIQPTVLHLTTAHWHTLVAEWHNQPQAAEQRLQHVRLINVTGDALSAQKLKLWDEVRPAHTLLINTYGPTEATVSCTA,YDANFDLSVEEPHLNVTGDINTYGPTEATVSCTA,DLEHNTTVS-,dab
O85168,KGVMVEHRGLFAVSAAWEQLYALHAPLNHLQMAGFFDVFSADLIRSLAFGGTLVLCPRETLMDPPALYRLLSEESIGFADFVLAVLNALLGWVEETGHDLSFMRTVVCGSDIWTAHSARQLRKLCGDHVQVVQAYGVTEASIDSTC,VAWAFDVFSADRDFVCGSDVQAYGVTEASIDSTC,DVADVGAID-,arg
O85168,KGVIVTHNGIVRLVQDNGYYDFSAEDRVAFSSNPAFDASTPEIWGALLNGCQSVIIEPQVLLEPVAFAALLKRHGVTAMISSTALFNLYAGLIPEALAGLRMIMCGGERADPASFRRVREHSAQVRLFNGYGPTEGTTCATS,LDNSFDASTPEGISMCGGEFNGYGPTEGTTCATS,DAPIMGGTC-,phe
O85168,KGVLVEHGNVARLFDATAGQFNFGHEDVWTPFHSFAFDFSVWEIWGALCYGGKLVIVPSEVARSPDDFYALVCEQQVTVLNQTPSAFRQFIQARERSPQEHALREVVFGGEALDFRSLQPWTARTPLSRTRLVNMYGITEITVHATY,LATHFDFSVWEGNQVFGGEVNMYGITEITVHATY,DFWNVGMVH-,thr
O85168,KGVMVEHRSVFNFWNVLTRTTHQHCPTPATVALNAGFFFDMSIKGISQLFSGHKLVIIPQLLRANGSELLDFLEAHQVHAFDSTPSQLDTLLSAGLLERSSYQPVSVLLGGEAINASTWEKLRNCPTIRLYNMYGPTECTVDATI,FVLAFDMSIKGSDSLLGGEYNMYGPTECTVDATI,DMKDLGMVD-,asp
O85739,KGVEVSHAAAINTIDALLDLLRVNASDRLLAVSALDFDLSVFDLFGGLGAGASLVLPAQEQARDAAAWAEAIQRHAVSLWNSAPALLEMALSLPASQADYRSLRAVLLSGDWVALDLPGRLRPRCAEGCRLHVLGGATEAGIWSNL,TALSFDLSVFDGNSLLSGDHVLGGATEAGIWSNL,DLFNLSLIW-,cys
O85740,KGVMLSHAAVSNTLLDINQRYGVDANDRVLGLAELSFDLSVYDFFGATAAGAQVVLPDPARGSDPSHWAELLERHAITLWNSVPAQGQMLIDYLESEPQRHLPGPRCVLWSGDWIPVSLPTRWWRRWPDSAAVQPGRRTEAAIWSIE,TDIAFDLSVYDGNSLWSGDVQPGRRTEAAIWSIE,DLYNLSPIW-,cys
O86329,KGVAVPHRPVAEYFVWFKGEYDVDDTDRLLQVASPSFDVSIAEIFGTLACGARMVIPRPGGLTDIGYLTALLRDEGITAMHFVPSLLGLFLSLPGVSQWRTLQRVPIGGEPLPGEVADKFHATFDALLHNFYGPTETVINASR,YWFAFDVSIAEGHFPIGGEHNFYGPTETVINASR,DVAHPGFIN-,lys
O87313,KGAMIRQDAIAERLQWQRDHILHFGKHDHTDASLFKAPLSFDISVNEILLPLVSGGRVVVAVPDGEKDPEYLLELIRTEQVTFVYLVSSMLDTLLELDRLATADGAPSSLASLRHVWCGGEVLTPGLFARFRKQLTTTLYHGYGPAEATIGVSH,RWQAFDISVNELYLWCGGEYHGYGPAEATIGVSH,DINYWGGIG-,orn
O87313,KAVVGTHAALANRLAWAVEAWPAATRIAKSPLSFIDGTTELLAGLAAGARTVLAGDETARDGRRLAQLVAAHGVEQLLAVPSLAAVLADERTEDVAELNRWIVSGEALEPRHLHALRTACPTAEIVNSYGSSEVAGDVLA,RWASFIDGTTEALAIVSGEVNSYGSSEVAGDVLA,IDTLISSGD-,ala-b
O87314,KGVLTGYAGLTNMYFNHREAIFAPTVARAGSAEQLRIAHTVSFSFDMSWEELFWLVEGHQVHVCDEELRRDAPALVAYCHRHRIDVINVTPTYAHHLFDAGLLDDGAHTPPLVLLGGEAVGDGVWSALRDHPDSAGYNLYGPTEYTINTLG,MNHVFDMSWEEWNVLLGGEYNLYGPTEYTINTLG,DMENLGLINL,orn
O87314,KGVEVTHRNVAALFAGTTSGLYDFGPDDVWTMFHSAAFDFSVWELWGPLLHGGRLVVVEHDVARDPERFVDLLARERVTVLNQTPSAFYPLLEADARLRRQLALRYVIFGGEALDVRRLAPWYANHESHSPRLVNMYGITETCVHVSH,LGTHFDFSVWEGNQIFGGEVNMYGITETCVHVSH,DFWNIGMVH-,thr
O87314,KGVVTPHRGLTNMHLNHREAIFAPTIARAHGRRLKIAHTVSFSFDMSWEELLWLIQGHEVHICDEVLRRDATSLVRYCHDHRIDVINVTPTYAALLFEEGLLEQAGHPPVLVLLGGEAVSTTVWNRLRDSERWYGYNLYGPTEYTINTLG,MNHVFDMSWEEWNVLLGGEYNLYGPTEYTINTLG,DMENLGLIN-,orn
O87606,KGVAVEHLQAVSFLTGMQMQFPLEEDDIIMMKTSFSFDASVWQLFWWTLSGASAYLLPSGWEKDPALMVKAIREEGVTTAHFIPAMLNSFLDQAEIEAPRSLKRVFAGGEPLAPHTAARFASLLPETSLVHGYGPTEATVDAAF,FGMTFDASVWQWHFFAGGEVHGYGPTEATVDAAF,DAWHFGGVD-,glu
O87606,KGVIVTHRNFAHAVLAWRRIYQLDQMPVRLLQMASFSFDVFSGDLARTLANGGTLVICPDETRLEPAELYALMNRQRITIMESTPALIVPFMEYVYRNQLSLPDLDILILGSDMVKAHDFKTLADRFGNKMRLINSYGVTEATIDSSY,AAWAFDVFSGDRESILGSDINSYGVTEATIDSSY,DVGEIGSID-,orn
O87704,KGVLVDHQGIANTLQWRREEYGMSEGDTALHLFSYVFDGCVTSLFTPLLSGACVLLTTDNEAKDVLALRRKIAQYKVSHMLIVPSLYRVLLEVLTAEDAKSLRIVTFAGEAVTPDLLETSRKICPSAELANEYGPTENSVATTI,TWRFFDGCVTSTLITFAGEANEYGPTENSVATTI,DGTLTAEVA-,tyr
O87704,KGVVVEHRNVISLLKHQDLPFDFGSEDVWTLFHSYCFDFSVWEMFGALLNGSTLVVVSRETARDPNAFRLLLKNEGVTVLNQTPTAFYGLIHEEENHTDRLHVRYVIFGGEALQPGMLVTWNEKYPDTDLINMYGITETTVHVTY,LHQHFDFSVWEGNQIFGGEINMYGITETTVHVTY,DFWNIGMVH-,thr
O94205,KGIIMEHASFSACALSSMEPLHIGPQDRVLHFASYAFDLSLFEILAPLIAGATVVIPSEKARLENLPCAMTDLGATWAFLTPTVARLYRPTQMPTLKTLCLGGEAVNASDIKSWSSKNLISGYNPAECCPLGIS,CSSAFDLSLFEAFLCLGGEISGYNPAECCPLGIS,DLFFCGGPL-,ala
O94205,KIVMTDHQAFMTNASPLMNGLGITSDSRVFQFCGYSFDLLIVEHFLTLLAGGCICIPSLHNRNNRFAASIVELEANWVGSPSSVLQLLDPQTVPTVKTIMQAGERLQQGLVDRWASHVRLINAYGPAECSVGALA,NPLCFDLLIVELGSMQAGEINAYGPAECSVGALA,DLVGMAAVG-,phe
O94205,KGAIVEHASLSTAAKYMASRLHIDSASRVLQFSSHAWDIPVTEVLVTLRMGGCVCVPSEEERTGNLAKASERMKVNWALWTPTVARLFKPEEFPHLKTLVFAGEALSATDLETWCDRVRLVQGYGPAECSLISTV,AYMSWDIPVTEVLWVFAGEVQGYGPAECSLISTV,DITLVAGLI-,pro
P07702,KGVLGRHFSLAYYFNWMSKRFNLTENDKFTMLSGIAHDPIQRDMFTPLFLGAQLYVPTQDDIGTPGRLAEWMSKYGCTVTHLTPAMGQLLTAQATTPFPKLHHAFFVGDILTKRDCLRLQTLAENCRIVNMYGTTETQRAVSY,YWMSHDPIQRDTHLFFVGDVNMYGTTETQRAVSY,DPRHFVMRA-,aad
P09095,KGTMLEHKGIANLQSFFQNSFGVTEQDRIGLFASMSFDASVWEMFMALLSGASLYILSKQTIHDFAAFEHYLSENELTIITLPPTYLTHLTPERITSLRIMITAGSASSAPLVNKWKDKLRYINAYGPTETSICATI,LFFAFDASVWEMTLITAGSINAYGPTETSICATI,DAWTIAAIC-,phe
P0A398,KGVQISHDNLLSFTNWMITDKEFATPSRPQMLAQPPYSFDLSVMYWAPTLALGGTLFTLPSVITQDFKQLFAAIFSLPIAIWTSTPSFADMAMLSEYFNSEKMPGITHFYFDGEELTVKTAQKLRERFPNARIINAYGPTEATVALSA,FWMPFDLSVMYPTSYFDGEINAYGPTEATVALSA,DLMTYDAVA-,ala
P10378,KLIPRTHNDYYYSVRRSVEICQFTQQTRYLCAIPaAHNYAMSSPGSLGVFLAGGTVVLAADPSATLCFPLIEKHQVNVTALVPPAVSLWLQALIEGESRAQLASLKLLQVGGARLSATLAARIPAEIGCQLQQVFGMAEGLVNYTR,SRSIYAMSSPGGALQVGGAQQVFGMAEGLVNYTR,AMPAQGVVN-,dhb
P11454,KGVMVGQTAIVNRLLWMQNHYPLTGEDVVAQKTPCSFDVSVWEFFWPFIAGAKLVMAEPEAHRDPLAMQQFFAEYGVTTTHFVPSMLAAFVASLTPQTARQSCATLKQVFCSGEALPADLCREWQQLTGAPLHNLYGPTEAAVDVSW,RWMTFDVSVWEWHFFCSGEHNLYGPTEAAVDVSW,DVWHFSLVD-,ser
P14687,KGTMLEHKGISNLKVFFENSLNVTEKDRIGQFASISFDASVWEMFMALLTGASLYIILKDTINDFVKFEQYINQKEITVITLPPTYVVHLDPERILSIQTLITAGSATSPSLVNKWKEKVTYINAYGPTETTICATT,LFFAFDASVWEMTLITAGSINAYGPTETTICATT,DAWTIAAIC-,phe
P19787,KGIFKQHTNVVNSITDLSARYGVAGQHHEAILLFSACVFEPFVRQTLMALVNGHLLAVINDVEKYDADTLLPFIRRHSITYLNGTASVLQEYDFSDCPSLNRIILVGENLTEARYLALRQRFKNRILNEYGFTESAFVTAL,SDLSFEPFVRQMNGILVGELNEYGFTESAFVTAL,EPRNIVEFV-,aad
P19787,KGVTVEHHGVVNLQVSLSKVFGLRDTDDEVILSFSNYVFDHFVEQMTDAILNGQTLLVLNDGMRGDKERLYRYIEKNRVTYLSGTPSVVSMYEFSRFKDHLRRVDCVGEAFSEPVFDKIRETFHGLVINGYGPTEVSITTHK,LSLSFDHFVEQDSGDCVGEINGYGPTEVSITTHK,DHESDVGIT-,cys
P19787,KGVLVEQKAVLLLRDALRERYFGRDCTKHHGVLFLSNYVFDFSVEQLVLSVLSGHKLIVPPAEFVADDEFYRMASTHGLSYLSGTPSLLQKIDLARLDHLQVVTAAGEELHATQYEKMRRRFNGPIYNAYGVTETTVYNII,LALSFDFSVEQLSGTAAGEYNAYGVTETTVYNII,DFESTAAVYK,val
P19828,KGVVISHQGALNTCIAINRRYQIGKNDRVLALSALHFDLSVYDIFGLLSAGGTIVLVSELERRDPIAWCQAIEEHNVTMWNSVPALFDMLLTYATCFNSIAPSKLRLTMLSGDWIGLDLPQRYRNYRVDGQFIAMGGATEASIWSNV,TAISFDLSVYDGNSMLSGDIAMGGATEASIWSNV,DLYNMSMIW-,cys
P25464,KGIYKEHTSVVNSITDLSARYGVAGEDDEVILVFSAYVFEPFVRQMLMALTTGNSLAIISDEDKFDPDTLIPFIQKHKVTYIHATSSVLQEYDFGSCPSLKRMILVGENLTEPRYEALRQRFKSRILNEYGFTESAFVTAL,SDLSFEPFVRQMHAILVGELNEYGFTESAFVTAL,EPRHIVEFV-,aad
P25464,KGVMVEHHGVVNLCVSLCRLFGLRNTDDEVILSFSNYVFDHFVEQMTDALLNGQTLVVLNDEMRGDKERLYRYIETNRVTYLSGTPSVISMYEFDRFRDHLRRVDCVGEAFSEPVFDKIRETFPGLIINGYGPTEVSITTHK,LSLSFDHFVEQDSGDCVGEINGYGPTEVSITTHK,DHESDVGIT-,cys
P25464,KGVLVEHQSVVQLRNSLIERYFGETNGSHAVLFLSNYVFDFSLEQLCLSVLGGNKLIIPPEEGLTHEAFYDIGRREKLSYLSGTPSVLQQIELSRLPHLHMVTAAGEEFHASQFEKMRSQFAGQINNAYGITETTVYNII,LSLSFDFSLEQLSGTAAGENNAYGITETTVYNII,DFESTAAVY-,val
P26046,KGIFKQHTNVVNSITDLSARYGVAGQHHEAILLFSACVFEPFVRQTLMALVNGHLLAVINDVEKYDADTLLPFIRRHSITYLNGTASVLQEYDFSDCPSLNRIILVGENLTEARYLALRQRFKNRILNEYGFTESAFVTAL,SDLSFEPFVRQMNGILVGELNEYGFTESAFVTAL,EPRNIVEFV-,aad
P26046,KGVTVEHHGVVNLQVSLSKVFGLRDTDDEVILSFSNYVFDHFVEQMTDAILNGQTLLVLNDGMRGDKERLYRYIEKNRVTYLSGTPSVVSMYEFSRFKDHLRRVDCVGEAFSEPVFDKIRETFHGLVINGYGPTEVSITTHK,LSLSFDHFVEQDSGDCVGEINGYGPTEVSITTHK,DHESDVGIT-,cys
P26046,KGVLVEQKAVLLLRDALRERYFGRDCTKHHGVLFLSNYVFDFSVEQLVLSVLSGHKLIVPPAEFVADDEFYRMASTHGLSYLSGTPSLLQKIDLARLDHLQVVTAAGEELHATQYEKMRRRFNGPIYNAYGVTETTVYNII,LALSFDFSVEQLSGTAAGEYNAYGVTETTVYNII,DFESTAAVYK,val
P27206,KGVMIEHRQVHHLVESLQQTIYQSPTQTLPMAFLPPFHFDASVKQIFASLLLGQTLYIVPKKTVTNGAALTAYYRKNSIEATDGTPAHLQMLAAAGDFEGLKLKHMLIGGEGLSSVVADKLLKLFKEaGTAPRLTNVYGPTETCVDASV,LSLPFDASVKQADGLIGGETNVYGPTETCVDASV,DAKDLGVVD-,glu
P27206,KGNIVTHANILRTVKETNYLSITEQDTILGLSNYVFDAFMFDMFGSLLNGAKLVLIPKETVLDMARLSRVIERENISILMITTALFHLLVDLNPACLSTLRKIMFGGERASVEHVRKALQTVGKGKLLHMYGPSESTVFATY,TETSFDAFMFDGMIMFGGELHMYGPSESTVFATY,DAFMMGMVF-,leu
P27206,KGVMVEHHALVNLCFWHHDAFSMTAEDRSAKYAGFGFDASIWEMFPTWSIGAELHVIEEAIRLDIVRLNDYFETNGVTITFLPTQLAEQFMELENTSLRVLLTGGDKLKRAVKKPYTLVNNYGPTENTVVATS,LWHAFDASIWEPFLLTGGDVNNYGPTENTVVATS,DAWFLGNVV-,leu
P27742,KGILKQHTNVVNSITDLSARYGVTGDHHEAILLFSAYVFEPFVRQMLMALVNGHLLAMVDDAEKYDAEKLIPFIREHKITYLNGTASVLQEYDFSSCPSLKRLILVGENLTESRYLALRRHFKNCILNEYGFTESAFVTAL,SDLSFEPFVRQMNGILVGELNEYGFTESAFVTAL,EPRNIVEFV-,aad
P27742,KGVMVEHHGVVNLQISLSKTFGLRDTDDEVILSFSNYVFDHFVEQMTDAILNGQTLVMLNDAMRSDKERLYQYIETNRVTYLSGTPSVISMYEFSRFKDHLRRVDCVGEAFSQPVFDQIRDTFQGLIINGYGPTEISITTHK,LSLSFDHFVEQDSGDCVGEINGYGPTEISITTHK,DHESDVGIT-,cys
P27742,KGVLVEQGGVLHLRDALRKRYFGIECNEYHAVLFLSNYVFDFSIEQLVLSIMSGHKLIIPEGEFVADDEFYITANGQRLSYLSGTPSLLQQIDLARLNHLQVVTAAGEQLHAAQFNKLRSGFRGPIYNAYGITETTVYNIV,LALSFDFSIEQLSGTAAGEYNAYGITETTVYNIV,DFESTAAVY-,val
P27743,KGVPKYHYSVVNSITDLSERYDMRRPGTERVALFASYVFEPHLRQTLIALINEQTLVIVPDDVRLDPDLFPEYIERHGVTYLNATGSVLQHFDLRRCASLKRLLLVGEELTASGLRQLREKFAGRVVNEYAFTEAAFVTAV,SDLAFEPHLRQINALLVGEVNEYAFTEAAFVTAV,EPRNLVEFV-,aad
P27743,KAVLVEHRGVVNLQVSLAKLFGLDKAHRDEALLSFSNYIFDHFVEQMTDALLNGQKLVVLDDSMRTDPGRLCRYMNDEQVTYLSGTPSVLSLYDYSSATSLTRIDAIGEDFTEPVFAKIRGTFPGLIINGYGPTEISITSHK,LSLSFDHFVEQDSGDAIGEINGYGPTEISITSHK,DHESDIGIT-,cys
P27743,KAVLVSHGSVDSFRAQLSGRYFGSPDESAEAVLFLANYVFDFSVEQLALSVLGGHKLLVPPPSAADDPAFYELANREGLSYLSGTPTQVERFDLARLSHLRCVLVAGEAFQPQHFEKMRGEFAGPILNAYGTTETTVYNTV,FQLAFDFSVEQLSGLVAGELNAYGTTETTVYNTV,DFESLAAVY-,val
P29698,KGVMVGQTAIVNRLLWMQNHYPLTGEDVVAQKTPCSFDVSVWEFFWPFIAGAKLVMAEPEAHRDPLAMQQFFAEYGVTTTHFVPSMLAAFVASLTPQTARQSCVTLKQVFCSGEALPADLCREWQQLTGAPLHNLYGPTEAAVDVSW,RWMTFDVSVWEWHFFCSGEHNLYGPTEAAVDVSW,DVWHFSLVD-,ser
P35854,KGVQISHDNLLSYVNWNISDFGLEEGVVAMSQPPYSFDLSVMDLYPTLVLGGTLKALPKEVTDNFKELFATLPKLGLNEWVSTPSFVEIALLDPNFKQENYPNLTHFLFCGEELVNKTAQALITRFPKATVYNTYGPTEATVAVTG,YWNPFDLSVMDPVSLFCGEYNTYGPTEATVAVTG,DLMVLCTVA-,ala
P39581,KGVQISAANLQSFTDWICADFPVSGGKIFLNQAPFSFDLSVMDLYPCLQSGGTLHCVTKDAVNKPKVLFEELKKSGLNVWTSTPSFVQMCLMDPGFSQDLLPHADTFMFCGEVLPVSVAKALLERFPKAKIFNTYGPTEATVAVTS,FWIAFDLSVMDPTSMFCGEFNTYGPTEATVAVTS,DLMTMCTVA-,ala
P39845,KGVAVEHRQAVSFLTGMQHQFPLSEDDIVMVKTSFSFDASVWQLFWWSLSGASAYLLPPGWEKDSALIVQAIHQENVTTAHFIPAMLNSFLDQAEIERLSDRTSLKRVFAGGEPLAPRTAARFASVLPQVSLIHGYGPTEATVDAAF,FGMTFDASVWQWHFFAGGEIHGYGPTEATVDAAF,DAWHFGGVD-,glu
P39845,KGVIVTYQNFTHAALAWRQIYELDRKPVRLLQIASFSFDVFSGDLARTLTNGGTLIVCPDETRLEPAEIYKIIKSQRITVMESTPALIIPVMEYVYRNQFKLPDLDILILGSDMVKAQDFKTLTDRFGQSMRIINSYGVTEATIDSSF,AAWAFDVFSGDRESILGSDINSYGVTEATIDSSF,DVGEIGSID-,orn
P39846,KGVLVDHHGIANTLQWRREEYSMTEQDISLHLFSYVFDGCVTSLFTPLLSGACVLLTTDDEAKDVLALKRKIARYKVSHMIIVPSLYRVLLEVMTADDAKSLRIVTFAGEAVTPDLLELNQIICPSAELANEYGPTENSVATTI,TWRFFDGCVTSTIITFAGEANEYGPTENSVATTI,DGTITAEVA-,tyr
P39846,KGVIVEHRNVISLLKHQNLPFEFNHEDVWTLFHSYCFDFSVWEMFGALLNGSTLVVVSKETARDPQAFRLLLKKERVTVLNQTPTAFYGLMLEDQNHTDHLNIRYVIFGGEALQPGLLQSWNEKYPHTDLINMYGITETTVHVTF,LHQHFDFSVWEGNQIFGGEINMYGITETTVHVTF,DFWNIGMVH-,thr
P39847,KGVAVEHRQAVSFLTGMQHQFRLSEDDIVMVKTSFSFDASVWQLFWWALSGASAYLLPPGWEKDSALIVQAIHQENVTTAHFIPAMLNSFLDQAEIERLSDRTSLKRVFAGGEPLAPRTAARFASVLPQVSLIHGYGPTEATVDAAF,FGMTFDASVWQWHFFAGGEIHGYGPTEATVDAAF,DAWHFGGVD-,glu
P39847,KGVMIEQRSVIRLVKNSNYITFTPEDRLLMTSSIGFDVGSFEIFGPLLNGAALHLSDQQTFLDSHQLKRYIEHQGITTIWLTSSLFNHLTEQNEQTFSQLKHLIIGGEALSPSHVNRIRNVCPEVSIWNGYGPTENTTFSTC,LNSSFDVGSFEGWLIIGGEWNGYGPTENTTFSTC,DVFWIGGTF-,val
P40871,KLIPRTHDDYIYSLKRSVEVCWLDHSTVYLAALPmAHNYPLSSPGVLGVLYAGGRVVLSPSPSPDDAFPLIEREKVTITALVPPLAMVWMDAASSRRDDLSSLQVLQVGGAKFSAEAARRVKAVFGCTLQQVFGMAEGLVNYTR,SRSLYPLSSPGGALQVGGAQQVFGMAEGLVNYTR,PLPAQGVVNR,dhb
P40976,KGVKGRHFSLAYYFDWMAQEFNLSESDRFTMLSGIAHDPIQRDIFTPLFLGASLIVPTAEDIGTPGQLAQWANKYKVTVTHLTPAMGQLLAAQADEPIPSLHHAFFVGDILTKRDCLRLQVLANNVNVVNMYGTTETQRSVSY,YWMSHDPIQRDTHLFFVGDVNMYGTTETQRSVSY,DPRHFVMRS-,aad
P45745,KGVVVTQKSLSNFLLSMQEAFSLGEEDRLLAVTTVAFDISALELYLPLISGAQIVIAKKETIREPQALAQMIENFDINIMQATPTLWHALVTSEPEKLRGLRVLVGGEALPSGLLQELQDLHCSVTNLYGPTETTIWSAA,FSMTFDISALELQALVGGETNLYGPTETTIWSAA,DILQLGLIW-,gly
P45745,KGVMIPHQNVTRLFAATEHWFRFSSGDIWTMFHSYAFDFSVWEIWGPLLHGGRLVIVPHHVSRSPEAFLRLLVKEGVTVLNQTPSAFYQFMQAEREQPDLGQALSLRYVIFGGEALELSRLEDWYNRHPENRPQLINMYGITETTVHVSY,LATHFDFSVWEGNQIFGGEINMYGITETTVHVSY,DFWNIGMVH-,thr
P48633,KGVVISHRGALNTCCDINTRYQVGPHDRVLALSALHFDLSVYDIFGVLRAGGALVMVMENQRRDPHAWCELIQRHQVTLWNSVPALFDMLLTWCEGFADATPENLRAVMLSGDWIGLDLPARYRAFRPQGQFIAMGGATEASIWSNA,TDISFDLSVYDGNSMLSGDIAMGGATEASIWSNA,DLYNMSMIW-,cys
P59591,KGVQISHDNLLSFTNWMISDDEFSVPERPQMLAQPPYSFDLSVMYWAPTLAMGGTLFALPKTVVNDFKKLFATINELPIQVWTSTPSFADMALLSNDFNSETLPQLTHFYFDGEELTVKTAQKLRQRFPKARIVNAYGPTEATVALSA,FWMPFDLSVMYPTSYFDGEVNAYGPTEATVALSA,DLMTYDAVA-,ala
P68876,KGVQIEYASLVQFTEWMLELNKSGNKQQWLNQAPFSFDLSVMAIYPCLASGGTLNLVDKNMINKPKLLNEMLTATPINIWVSTPSFMEMCLLLPTLNEEQYGSLNEFFFCGEILPHRAAKALVSRFPSATIYNTYGPTEATVAVTS,FWMAFDLSVMAPVSFFCGEYNTYGPTEATVAVTS,DLMVFCTVA-,ala
P68878,KGVQIEYASLVQFTEWMLELNKSGNEQQWLNQAPFSFDLSVMAIYPCLASGGTLNLVDKNMINKPKLLNEMLTATPINIWVSTPSFMEMCLLLPTLNEEQYGSLNEFFFCGEILPHRAAKALVNRFPSATIYNTYGPTEATVAVTS,FWMAFDLSVMAPVSFFCGEYNTYGPTEATVAVTS,DLMVFCTVA-,ala
P71716,KLIPRTHDDYVFNATASAALCRLSADDVYLVVLAaGHNFPLACPGLLGAMTVGATAVFAPDPSPEAAFAAIERHGVTVTALVPALAKLWAQSCEWEPVTPKSLRLLQVGGSKLEPEDARRVRTALTPGLQQVFGMAEGLLNFTR,NASLFPLACPGGALQVGGSQQVFGMAEGLLNFTR,PLPAQGVLN-,sal
P71717,KGVEVAHDAAMNTVETFIRHFELGAADRWLALATLECDMSVLDIFAALRSGGAIVVVDEAQRRDPDAWARLIDTYEVTALNFMPGWLDMLLEVGGGRLSSLRAVAVGGDWVRPDLARRLQVQAPSARFAGLGGATETAVHATI,TTFACDMSVLDANFAVGGDAGLGGATETAVHATI,DMLNAGLVH-,ser-thr
P94459,KGVQFEHRNMANLLKFEYTHSGIDFEADVLQFATPSFDVCYQEIFSALLKGGTLHIVPEAIKRDVPQLFAFINKHQTNIVFLPTAFIKMIFSERELANSFPDGVKHLIAAGEQLMISDLFQDVLRKRGIHLHNHYGPSETHVVSTY,LFEAFDVCYQESFLIAAGEHNHYGPSETHVVSTY,DVQFIAHVV-,pro
P94459,KGVEIEHRSAVNFLNSLQSRYQLKHSDMIMHKTSYSFDASIWELFWWPYAGASVYLLPQGGEKEPEVIAKAIEEQKITAMHFVPSMLHAFLEQIKYRSVPIKTNRLKRVFSGGEQLGTHLVSRFYELLPNVSITNSYGPTEATVEAAF,FSLTFDASIWEWHFFSGGETNSYGPTEATVEAAF,DAWHFGSVE-,glu
P94459,KGVMVEHKGIANTLQWRRNAYAFNETDTILQLFSFSFDGFITSMFTPLLSGAKAVLLHEEEAKDILAIKHQLSRQRITHMIIVPVLYRALLDVVQPEDVKTLRVVTLAGEAADRELIARSLAICPHTELANEYGPTENSVATTV,TWRFFDGFITSTIITLAGEANEYGPTENSVATTV,DGTITAEVA-,tyr
P94460,KGVMITNRNVVSLVRNSNYTSASGDDRFIMTGSISFDAVTFEMFGALLNGASLHIIDKSTMLTPDRFGAYLLENDITVLFLTTALFNQLAQVRADMFRGLHTLYVGGEALSPALMNAVRHACPDLALHNIYGPTENTTFSTF,LNSGFDAVTFEGFLYVGGEHNIYGPTENTTFSTF,DAFFYGITF-,ile
P94873,KGVPKTHRSVVNAITDLSDRYQMREAGTEHVALFAALVFEPFMRQTLIALINSQTLVVVPDDVRLDPLRFPRFVDEHRISYLNGTRSVLQHFDLSQCRSLKRMLLVGEELTPSGLRTLRERFHGRIINEYAFTETAFVTAI,ADLAFEPFMRQINGLLVGEINEYAFTETAFVTAI,EPRNLVEFV-,aad
P94873,KAVLIEHRGVVNLHTSLERLFDLSRDRGDEAVLSFSNYVFDHFVEQMTDALLSGQTLVMLDDSMRSDQQRLYAYMNANAVTYLSGTPSVLSLYEYGSIPSLKRIDAIGEDFTTPVFDKIRSSFGGLIINGYGPTEISITSHK,LSLSFDHFVEQDSGDAIGEINGYGPTEISITSHK,DHESDIGIT-,cys
P94873,KAVLVRHRNVLSFSAGLAQRYFGDAGAARQAILFLSSYVFDFSVEQLALSILSGNALLIPESSLLFDDAFYQRMNQERLSYISGTPTQLQLFDLARLDHLHAVLVAGEAFRAHHFDKIRAEYRGPLYNAYGTTETTVYNLV,FGLSFDFSVEQLSGLVAGEYNAYGTTETTVYNLV,DFESLAAVY-,val
P95819,KLIPRTHDDYAYQCRVTAGICGLDADSVYLAVLPaEFNFPFGCPGILGTLHAGGRVVFALSPQPEECFALIEREHVTFTSVIPTIVHLWLAAAAQGHGRDLGSLQLLQVGSAKLHEELAARIGPELGVRLQQVFGMAEGLLTFTR,QVTLFPFGCPGGSVQVGSAQQVFGMAEGLLTFTR,PFPSQGVLT-,pip
Q00869,KGIMIEHRSFSSCAIKFGPALGITSDTRALQFGSHAFGACILEIMTTLIHGGCVCIPSDDDRMNNVLEFINRTNVQLGHATPSYMGTFQPEVVPGLKTLVLVGEQMSASVNEVWAPRVQLLNGYGQSESSSICCV,CKFGFGACILETHAVLVGELNGYGQSESSSICCV,GALHVVGSI-,hiv
Q00869,KGVMIEHRAIVRLVKSDNFPGFPSPARMSNVFNPAFDGAIWEINWMLLNGGTVVCIDYLTTLDGKELAAVFAKERVNAAFFAPAMLKLYLVDAREALKNLDFLIVGGERFDTKEAVEAMPLVRGKIANIYGPTEAGIISTC,LSDFFDGAIWEWFFIVGGEANIYGPTEAGIISTC,DGWFIGIII-,val
Q01757,KGVPKYHDSVVNSITDLSERYDMRRPGTERVALFASYVFEPHLRQTLIALINGQTLVVVPEEVRLDPDRFPAYIEEHGVTYLNATGSVLQHFDLRRRTSLKRLLLVGEELTAAGLRQLRERFSGRIVNEYAFTEAAFVTAV,SDLAFEPHLRQINALLVGEVNEYAFTEAAFVTAV,EPRNLVEFV-,aad
Q01886,KCIVVTHSQICTAVQAYKDRFGVTSETRVLQFSSYTFDISIADTFTALFYGGTLCIPSEEDRMSNLQDYMVSVRPNWAVLTPTVSRFLDPGVVKDFISTLIFTGEASREADTVPWIEAGVNLYNVYGPAENTLITTA,AAYSFDISIADTVLIFTGEYNVYGPAENTLITTA,DIAVITVLI-,pro
Q01886,KGAVATHQAYATGIYEHAVACGMTSLGAPPRSLQFASYSFDASIGDIFTTLAVGGCLCIPREEDRNPAGITTFINRYGVTWAGITPSLALHLDPDAVPTLKALCVAGEPLSMSVVTVWSKRLNLINMYGPTEATVACIA,GEHAFDASIGDTGICVAGEINMYGPTEATVACIA,DAGGCAMVA-,ala
Q01886,KGVVMEHRAWSLGFTCHAEYMGFNSCTRILQFSSLMFDLSILEIWAVLYAGGCLFIPSDKERVNNLQDFTRINDINTVFLTPSIGKLLNPKDLPNISFAGFIGEPMTRSLIDAWTLPGRRLVNSYGPTEACVLVTA,GCHSFDLSILEAFLGFIGEVNSYGPTEACVLVTA,DLLFGISVL-,ala
Q01886,KGVVMEHHSVCSALIALGKRMGLGPQSRVLQFNSYWFDVMLLDIFGTLVYGGCLCIPKEEQRMSNLSGWVQKFKVNTMLLSTSVSRLMQPADTPSLETLCLTGEAVLQSDVDRWAPKLHLIAGYGPTETCIMSVS,AALNFDVMLLDGLLCLTGEIAGYGPTETCIMSVS,DVLLCTGIM-,aeo
Q04747,KGVMIEHKSILRLVKNAGYVPVTEEDAMAQTGAVSFDAGTFEVFGALLNGAALYPVKKRHVLDAKQFAAFLREQSITTMWLTSPLFNQLAAKDAGMFGTLRHLIIGGDALVPHIVSKVKQASPSLSLWNGYGPTENTTFSTS,LNAGFDAGTFEGWLIIGGDWNGYGPTENTTFSTS,DAFWIGGTF-,val
Q04747,KGVQIEHRNLTNYVSWFSEEAGLTKRRADGNDKTVLLSSYAFDLGYTCMFPVLLGGGELHIVQKETYTAPDEIAHYIKEHGITYIKLTPSLFHTIVNTASFAFDANFESLRLIVLGGEKIIPTDVIAFRKMYGHTEFINHYGPTEATIGAIA,YWFSFDLGYTCPKLVLGGEINHYGPTEATIGAIA,DLTKVGHIG-,asp
Q04747,KGVMVEDHALVNLCFWDHDAFSMTAEDRSAKYAGFGFDASIWEMFPTWTIGAELHVIDEAIRLDIVRLNDYFETNGVTITFLPTQLAEQFMELENTSLRVLLTGGDKLKRAVKKPYTLVNNYGPTENTVVATS,LWDAFDASIWEPFLLTGGDVNNYGPTENTVVATS,DAWFLGNVV-,leu
Q08787,KGNITTHANIQGLVKHVDYMAFSDQDTFLSVSNYAFDAFTFDFYASMLNAARLIIADEHTLLDTERLTDLILQENVNVMFATTALFNLLTDAGEDWMKGLRCILFGGERASVPHVRKALRIMGPGKLINCYGPTEGTVFATA,LHVSFDAFTFDAFALFGGEINCYGPTEGTVFATA,DAFFLGCVF-,leu
Q09164,KGVMIEHRGIVRLVKGTNIISPAQAAVPTAHLANIAFDLSTWEIYTPILNGGTLVCIEHSVTLDSKALEAVFTKEGIRVAFLAPALIKQCLADRPAIFAGLDSLYAIGDRFDRRDALHAKSLVKHGVYNAYGPTENSVVSTI,LGTAFDLSTWETFLYAIGDYNAYGPTENSVVSTI,DLWFYIAVV-,ala-d
Q09164,KGVMVEHRGVISLVKQNASRIPQSLRMAHVSNLAFDASVWEIFTTLLNGGTLFCISYFTVLDSKALSAAFSDHRINITLLPPALLKQCLADAPSVLSSLESLYIGGDRLDGADATKVKDLVKGKAYNAYGPTENSVMSTI,LQNSFDASVWETLLYIGGDYNAYGPTENSVMSTI,DAWLYGAVM-,leu
Q09164,KGVMVEHRAIMRLVKDSNVVTHMPPATRMAHVTNIAFDVSLFEMCATLLNGGTLVCIDYLTLLDSTMLRETFEREQVRAAIFPPALLRQCLVNMPDAIGMLEAVYVAGDRFHSRDARATQALAGPRVYNAYGPTENAILSTI,LDSTFDVSLFEAIFYVAGDYNAYGPTENAILSTI,DVFIYAAIL-,ala
Q09164,KGVMIEHRGVLRLVKQTNILSSLPPAQTFRMAHMSNLAFDASIWEVFTALLNGGSLVCIDRFTILDAQALEALFLREHINIALFPPALLKQCLTDAAATIKSLDLLYVGGDRLDTADAALAKALVKSEVYNAYGPTENTVMSTL,LQTSFDASIWETLFYVGGDYNAYGPTENTVMSTL,DAWLYGAVM-,leu
Q09164,KGVMVEHRGIVRLTKQTNITSKLPESFHMAHISNLAFDASVWEVFTTLLNGGTLVCIDYFTLLESTALEKVFFDQRVNVALLPPALLKQCLDNSPALVKTLSVLYIGGDRLDASDAAKARGLVQTQAFNAYGPTENTVMSTI,LQTSFDASVWETLLYIGGDFNAYGPTENTVMSTI,DAWLYGAVM-,leu
Q09164,KGVMVQHRNIVRLVKNSNVVAKQPAAARIAHISNLAFDASSWEIYAPLLNGGAIVCADYFTTIDPQALQETFQEHEIRGAMLPPSLLKQCLVQAPDMISRLDILFAAGDRFSSVDALQAQRLVGSGVFNAYGPTENTILSTI,LNSSFDASSWEAMLFAAGDFNAYGPTENTILSTI,DAWMFAAIL-,val
Q09164,KGVMVEHRSVTRLAKPSNVISKLPQGARVAHLANIAFDASIWEIATTLLNGATLVCLDYHTVLDCRTLKEVFERESITVVTLMPALLKQCVAEIPETLAHLDLLYTGGDRVGGHDAMRARSLVKIGMFSGYGPTENTVISTI,LPSAFDASIWETTLYTGGDFSGYGPTENTVISTI,DAWTYGGVI-,bmt
Q09164,KGVMIEHRGIVRLVRDTNVNVFPESGSALPVSHFSNLAWDAATWEIYTAVLNGGTVVCIDRDTMLDIAALNSTFRKENVRAAFFTPAFLKQCLAETPELVANLEILHTAGDRLDPGDANLAGKTAKGGIFNVLGHTENTAYSTF,LDTSWDAATWETFFHTAGDFNVLGHTENTAYSTF,DAWFHAVAY-,abu
Q09164,KGVMIDHRSIIRLVKNSDVVATLPTPVRMANVSNLAFDISVQEIYTALLNGGTLVCLDYLTLLDSKILYNVFVEAQVNAAMFTPVLLKQCLGNMPAIISRLSVLFNVGDRLDAHDAVAASGLIQDAVYNAYGPTENGMQSTM,LNSSFDISVQETMFFNVGDYNAYGPTENGMQSTM,DIQMFVAMQ-,gly
Q09164,KGVMIEHRNILRLVKQSNVTSQLPQDLRMAHISNLAFDASIWEIFTAILNGGALICIDYFTLLDSQALRTTFEKARVNATLFAPALLKECLNHAPTLFEDLKVLYIGGDRLDATDAAKIQALVKGTVYNAYGPTENTVMSTI,LQSSFDASIWETLFYIGGDYNAYGPTENTVMSTI,DAWLYGAVM-,leu
Q09164,KGVMVEHRGITRLVKNSNVVAKQPAAAAIAHLSNIAFDASSWEIYAPLLNGGTVVCIDYYTTIDIKALEAVFKQHHIRGAMLPPALLKQCLVSAPTMISSLEILFAAGDRLSSQDAILARRAVGSGVYNAYGPTENTVLSTI,LNSSFDASSWEAMLFAAGDYNAYGPTENTVLSTI,DAWMFAAVL-,val
Q44928,KGVMLEHKNIVNLLHFTFEKTNINFSDKVLQYTTCSFDVCYQEIFSTLLSGGQLYLIRKETQRDVEQLFDLVKRENIEVLSFPVAFLKFIFNEREFINRFPTCVKHIITAGEQLVVNNEFKRYLHEHNVHLHNHYGPSETHVVTTY,LFTTFDVCYQESSFITAGEHNHYGPSETHVVTTY,DVQSIAHVV-,pro
Q44928,KGVMVEHRNVIRLVKNTNYVQVREDDRIIQTGAIGFDALTFEVFGSLLHGAELYPVTKDVLLDAEKLHKFLQANQITIMWLTSPLFNQLSQGTEEMFAGLRSLIVGGDALSPKHINNVKRKCPNLTMWNGYGPTENTTFSTC,LNTGFDALTFEGWLIVGGDWNGYGPTENTTFSTC,DAFWIGGTF-,val
Q44928,KGVMIEHQSYVNVAMAWKDAYRLDTFPVRLLQMASFAFDVSAGDFARALLTGGQLIVCPNEVKMDPASLYAIIKKYDITIFEATPALVIPLMEYIYEQKLDISQLQILIVGSDSCSMEDFKTLVSRFGSTIRIVNSYGVTEACIDSSY,VAWAFDVSAGDREAIVGSDVNSYGVTEACIDSSY,DVGEIGSID-,orn
Q44928,KGVMIEHQSIINCLQWRKEEYEFGPGDTALQVFSFAFDGFVASLFAPILAGATSVLPKEEEAKDPVALKKLIASEEITHYYGVPSLFSAILDVSSSKDLQNLRCVTLGGEKLPAQIVKKIKEKNKEIEVNNEYGPTENSVVTTI,CWRFFDGFVASAYGTLGGENNEYGPTENSVVTTI,DGAYTGEVV-,leu
Q45295,KGVMIEHRQVHHLVRGLQQAVGAYDQDDLKLALLAPFHFDASVQQIFTSLLLGQTLYIVPKKTVSDGRALSDYYRRHQIDVTDGTPAHLQLLSAADDLSGVKLRHMLVGGEALSRVATERLLQLFAEtaESVPDVTNVYGPTETCVDASS,LGLAFDASVQQTDGLVGGETNVYGPTETCVDASS,DAQDLGVVD-,gln
Q45295,KGNMVSHRNILRTVKNTNYLDVMTSDIVLSISNYVFDAFMFDVFGSLLNGAKLVIAPKDTILDMSRLAHVLEKEKVTVLMITTALFNLLTDMRPDSLKGLRRVLFGGERASVDHVRRALNTVGKGRLLHMYGPSESTVFTTY,TNTSFDAFMFDGMILFGGELHMYGPSESTVFTTY,DAFMLGMVF-,leu
Q45295,KGVMVEHRSLVNLCYWHNDAFKVTEQDKSAKYAGFGFDASVWEMFPYWIAGAELHIIDESIRMDITRLNQYFEENTITITFLPTQLCEQFMELDNQSLRVLLTGGDKLKRIAQRSYTLVNNYGPTENTVVATS,LWHAFDASVWEPFLLTGGDVNNYGPTENTVVATS,DAWFLGNVV-,leu
Q45563,KGVMITNRNVVSLVCNSNYTSASVNDRFILTGSISFDAVTFEMFGALLKGATLHIIDKSTMLTPDRFGAYLIENNITVLFLTTALFNQLAQAQADMFHRLHTLYVGGEALSPELINAVRRACPNLSLYNIYGPTENTTFSTF,LNSGFDAVTFEGFLYVGGEYNIYGPTENTTFSTF,DAFFYGITF-,ile
Q45675,KGVMIEHKSILRLVKNAGYVPVTEEDRMAQTGAVSFDAGTFEVFGALLNGAALYPVKKETLLDAKQFAAFLREQSITTMWLTSPLFNQLAAKDAGMFGTLRHLIIGGDALVPHIVSKVKQASPSLSLWNGYGPTENTTFSTS,LNAGFDAGTFEGWLIIGGDWNGYGPTENTTFSTS,DAFWIGGTF-,val
Q45675,KGVQIEHRNLTNYVSWFSEEAGLTENDKTVLLSSYAFDLGYTSMFPVLLGGGELHIVQKETYTAPDEIAHYIKEHGITYIKLTPSLFHTIVNTASFAKDANFESLRLIVLGGEKIIPTDVIAFRKMYGHTEFINHYGPTEATIGAIA,YWFSFDLGYTSPKLVLGGEINHYGPTEATIGAIA,DLTKVGHIG-,asp
Q45675,KGVMVEHHALVNLCFWHHDAFSMTAEDRSAKYAGFGFDASIWEMFPTWTIGAELHVIDEAIRLDIVRLNDYFETNGVTITFLPTQLAEQFMELENTSLRVLLTGGDKLKRAVKKPYTLVNNYGPTENTVVATS,LWHAFDASIWEPFLLTGGDVNNYGPTENTVVATS,DAWFLGNVV-,leu
Q50857,KGVAISHRSAATFVQWAGETFSKEELTGVLAATSICFDLSVFELFVPLSYGGRVILADTALHLLELPAASEVTLINTVPSAITELLNASGIPSSVRTINLAGEALTSDLVARLYAETPAARVVNLYGPSETTTYSTY,FWATFDLSVFEVNTNLAGEVNLYGPSETTTYSTY,DLFNNALTY-,ala
Q50858,KGVMVSHGALANFLTTMAREPGLRAEDVLAAVTTFSFDIAALELYLPLVQGARVVMATREQAADGRALSGVLARHGVTVMQATPATWRMLADAGGAPGTGFTVLCGGEALPQDLADALTANGARVWNLYGPTETTVWSCR,FTMTFDIAALELQALCGGEWNLYGPTETTVWSCR,DILQLGLVW-,gly
Q51338,KGTLLTHRNALRLFSATEAWFGFDERDVWTLFHSYAFDFSVWEIFGALLYGGCLVIVPQWVSRSPEDFYRLLCREGVTVLNQTPSAFKQLMAVACSADMATQQPALRYVIFGGEALDLQSLRPWFQRFGDRQPQLVNMYGITETTVHVTY,LATHFDFSVWEGNQIFGGEVNMYGITETTVHVTY,DFWNIGMVH-,thr
Q51338,KGTLLTHRNALRLFSATEAWFGFDERDVWTLFHSYAFDFSVWEIFGALLYGGRLVIVPQWVSRSPEDFYRLLCREGVTVLNQTPSAFKQLMAVACSADMATQQPALRYVIFGGEALDLQSLRPWFQRFGDRQPQLVNMYGITETTVHVTY,LATHFDFSVWEGNQIFGGEVNMYGITETTVHVTY,DFWNIGMVH-,thr
Q52400,KGVQVSHGNVSRLLESTQRAYGFNAQDVWSMFHSIGFDFSVWEIWGALAHGGQVAVVPYDISRSPAALRQWLADQRITVLSQTPSAFRGLDEADRGNTAPLALRYVVLGGEALPASVLRPWVERHGDQKPALINMYGITEATVHTTF,LSTHFDFSVWEGSQVLGGEINMYGITEATVHTTF,DFWSVGMVH-,thr
Q53526,KGVQISHDNLLSFTNWMINAEAFATPHRPQMLAQPPYSFDLSVMYWAPTLALGGTLFALPKEITADFKQLFTTINQLPIGVWTSTPSFVDMAMLSDDFNAQQLPHLTHFYFDGEELTVKTAKKLRQRFPQARIVNAYGPTEATVALSA,FWMPFDLSVMYPTSYFDGEVNAYGPTEATVALSA,DLMTYDAVA-,ala
Q54298,KAVLMPGICVVNLLLWQERTMGREPASRTAQFITATFDYSVQEIFSALLGGTLVIPPDDIRLDPARLAQWIDDSRITRIYAPTTVLRALVEHVDPHGHGLVDIASPLPGGESLVLDGKLRECALHRPHLRVHNHYGPAESQLVTGY,LWQIFDYSVQESYALPGGEHNHYGPAESQLVTGY,DYQYLGHLVR,pip
Q54356,KCVAHTGAAPSPSWSVMVGAFPVGGDDVFACHAPLHFDVSVASVLGSALGGAALAPVPRELSGFPVELATWIAERAVTVWLSVPYPLARLSGLEERAARERLATLRTVVFAGDVFPHQRLAALICAPGARFLNIYGPTETNGCTYE,SVMAFDVSVASGLSVFAGDLNIYGPTETNGCTYE,DVALVAIGC-,4ppro
Q54959,KGVVIPHSNVVRLFTSTDHWFGFGPDDVWTLFHSYAFDFSVWEIWGALLHGGRLVVVPYHVSRSPGDFLDLLAREKVTVLNQTPTAFHQLDAADRARTAAPELALRYVVFGGEALDVARLADWYARRGTAARLVNMYGITETTVHVTH,LSTHFDFSVWEGNQVFGGEVNMYGITETTVHVTH,DFWNVGMVH-,thr
Q54959,KGVAITHGDVAALAADTCWRTGNQQRVLLHSPYSFDTSQYELWVPLLSGGTVVVAPPGDLDTRALERAIVDGGVTGMWLTSGLFNLLAEESPHCFTGVREVWTGGDVVSPAAVARVLAASPSTMVADGYGPTETTTFATH,LDTSFDTSQYEVWLWTGGDADGYGPTETTTFATH,DTYWWGGTF-,abu
Q56950,KLIPRRHADYSYNFSASAELCGISQQSVYLAVLPvAHNFPLACPGILGTLACGGKVVLTDSASCDEVMPLIAQERVTHVALVPALAQLWVQAREWEDSDLSSLRVIQAGGARLDPTLAEQVIATFDCTLQQVFGMAEGLLCFTR,NASLFPLACPGGALQAGGAQQVFGMAEGLLCFTR,PLPAQGVLC-,dhb
Q70AZ6,KGVAVPHGAVAGLAGDAGWRIGPGDGVLMHATHVFDPSLYEMWVPLATGGRVLVAAPGVVDAGGIRQAVARGATAVHLTAGTFRALAEASPDCFAGLREVGTGGDVVPAHTVAHLRRAQPQLRVRNTYGPTETTLCATW,LDAAFDPSLYEVHLGTGGDRNTYGPTETTLCATW,DPYHGGTLC-,dhpg
Q70AZ7,KGVAVSHGDVAALVGDPGWRTGPGDTVLMHASHAFDISLFEIWVPLLSGARVMIAGPGAVDGAALAAQVAAGVTAAHLTAGAFRVLAEESPESVAGLREVLTGGDAVPLAAVERVRRACPDVRVRHLYGPTETTLCATW,LDPAFDISLFEVHLLTGGDRHLYGPTETTLCATW,DIFHLGLLC-,hpg
Q70AZ7,KGVAVPHGSVAALAGDPGWSVGPGDGVLMHAPHAFDASLLEIWVPLLSGAHVVVADPGAVDAQRLREAIDRGVTTVHLTAGSFRVLAEESPDAFRGLREVLTGGDAVPLASVVRLRETCPEIRVRHLYGPTETTLCATW,LDPAFDASLLEVHLLTGGDRHLYGPTETTLCATW,DALHLGLLC-,hpg
Q70AZ7,KGVLVTHAGLGNLASAQIERFGVTSSSRVLQFAALGFDAAISEVCMALLSGGSIVLADAEHMPPRVSLGDAVRRWDITHVTVPPSVLAVEDDLPDDLTLIVAGEACPPALVDRWSPGRRMINGYGPTETTVCATM,LAQAFDAAISEMTVIVAGEINGYGPTETTVCATM,DASTIAGVC-,bht
Q70AZ8,KGVAVAHGGVAALAGDPVWEVGAGDAVLMHAPHTFDASLYDVWVPLVSGARVMLAEPGVVDAQRLAAHVADGLTAVNFTAGQFRALAQESPESFAGLRDVLAGGDVVPLGAVERVRQACPGLRVWHTYGPTETTLCATW,LDPAFDASLYDVNFLAGGDWHTYGPTETTLCATW,DAYNLGTLC-,dhpg
Q70AZ9,KGVAVPHRSVAELAGNPGWAVEPGDAVLMHAPYAFDASLFEIWVPLVSGGRVVIAEPGPVDARRLREAISSGVTRAHLTAGSFRAVAEESPESFAGLREVLTGGDVVPAHAVARVRSACPRVRIRHLYGPTETTLCATW,LNPAFDASLFEVHLLTGGDRHLYGPTETTLCATW,DAFHLGLLC-,hpg
Q70AZ9,KGVVVPHAGLGNLALAQIDRFGVSPSSRVLQFAALGFDAMVSEVLMALLSGARLVMAPEHQLPPRVSLAEALQRWDVTHVTVPPSVLATAEALPARLETVVVAGEACPPSLADRWSAGLRLVNAYGPTEATVCAAM,LAQAFDAMVSEMTVVVAGEVNAYGPTEATVCAAM,DASTVAAVC-,tyr
Q7BN95,KGVMIDHRGAVNTILDINERFEIGPGDRVLALSSLSFDLSVYDVFGILAAGGTIVVPDASKLRDPAHWAELIEREKVTVWNSVPALMRMLVEHFEGRPDSLARSLRLSLLSGDWIPVGLPGELQAIRPGVSVISLGGATEASIWSIG,TDISFDLSVYDGNSLLSGDISLGGATEASIWSIG,DLYNLSLIW-,cys
Q7D791,KGVAVPHRPVAEYFVWFKGEYDVDDTDRLLQVASPSFDVSIAEIFGTLACGARMVIPRPGGLTDIGYLTALLRDEGITAMHFVPSLLGLFLSLPGVSQWRTLQRVPIGGEPLPGEVADKFHATFDALLHNFYGPTETVINASR,YWFAFDVSIAEGHFPIGGEHNFYGPTETVINASR,DVAHPGFIN-,lys
Q7TYQ4,KGVEVAHDAAMNTVETFIRHFELGAADRWLALATLECDMSVLDIFAALRSGGAIVVVDEAQRRDPDAWARLIDTYEVTALNFMPGWLDMLLEVGGGRLSSLRAVAVGGDWVRPDLARRLQVQAPSARFAGLGGATETAVHATI,TTFACDMSVLDANFAVGGDAGLGGATETAVHATI,DMLNAGLVH-,ser-thr
Q7TYQ8,KGVIGTHRALSAYADDHIERVLRPAAQRLGRPLRIAHAWSFTFDAAWQPLVALLDGHAVHIVDDHRQRDAGALVEAIDRFGLDMIDTTPSMFAQLHNAGLLDRAPLAVLALGGEALGAATWRMIQQNCARTAMTAFNCYGPTETTVEAVV,YDHWFDAAWQPADTALGGEFNCYGPTETTVEAVV,DAQDAGCVE-,lys
Q7WRI6,KGVMGRHISILNVIRSLRLTFNLNKHPEWRYIFTAPVTHDPSFRNIFLPLTIGAALYMYEVQHIGHLVSFLQENKINVLHTTPSIYREILAVLAPEETIPTLKYISCGGEKLDRETAIALRKRFPAEIVsNVYGSTETCVGVSQ,VSLAHDPSFRNLHTSCGGEVNVYGSTETCVGVSQ,DPRHSGVVGK,glu
Q7WZ65,KGVAIPHGGVAALAGDPGWGVGPGDAVLMHAPHTFDASLYDVWVPLVSGARVMITEPGVVDAERLAGHVADGLTAVNFTAGHFRALAQESPESFSGLREVAAGGDVVPLDVVERVRRACPRLRVWHTYGPTETTLCATW,LDPAFDASLYDVNFAAGGDWHTYGPTETTLCATW,DAYNAGTLC-,dpg
Q7WZ66,KGVAVPHRSVAELTGNPGWGVEPGEAVLMHAPYTFDASLFEIWVPLVSGARVVIAAPGAVDARRLREAVAAGVTRVHLTAGSFRAVAEESPESFAHFREVLTGGDVVPAYAVQKVRAACPHVRIRHLYGPTETTLCATW,LNPAFDASLFEVHLLTGGDRHLYGPTETTLCATW,DAFHLGLLC-,hpg
Q7WZ66,KGVVVSHAGLGNLAMAQIDRFAVSPSSRVLQFAALGFDAMVSEMLMALLSGARLVMAPEPALPPRVSLAEALRRWEVTHVTVPPSVLATADALPAGLETVVVAGEACPPGLAERWSAGRRLVNAYGPTEATVCAAM,LAQAFDAMVSEMTVVVAGEVNAYGPTEATVCAAM,DASTVAAVC-,tyr
Q7WZ74,KGVAVSHGNVAALAGEPGWGLGPEDAVLMHASHAFDISLFELWVPLLSGARVVLAEPGAVDGEALAGYVAGGVTCAHLTAGTFRVLAEESPESVAGLREVLTGGDAVPLAAVERVRRACPDVRVRHLYGPTEATLCATW,LEPAFDISLFEVHLLTGGDRHLYGPTEATLCATW,DIFHLGLLC-,hpg
Q7WZ74,KGVAVPHGSAAALAGDPGWSQGAGDRVLMHASHAFDASLLEIWVPLVSGACVMVAEPGAIDAQRLRDVIARGATTVHLTAGTFRVLAEESPDSFSGLREVLTGGDVVPLESVARVRRACPEVRVRELYGPTEVTLCATW,LDPAFDASLLEVHLLTGGDRELYGPTEVTLCATW,DALHLGLLC-,hpg
Q7WZ74,KGVLVPHAGLGNLASAQIERFGVTSASRILQFAALGFDAAVSELCMALLSGGTVVLADAESMPPRVSLGDAVRRWGITHVTVPPSVPAVEDDLPDSLETLVVAGEACPPALVDRWSPGRRMINAYGPTETTVCATM,LAQAFDAAVSEMTVVVAGEINAYGPTETTVCATM,DASTVAAVC-,bht
Q7WZ75,KGVGVPHGAVAGLAGDEGWRIGPGDAVLMHATHVFDPSLYAMWVPLAMGGRVVLTEPGVLDALGMRQAVERGVTFVHLTAGTFRALAESSPECFAGLVEVGTGGDVVPAQSVEHLRRAVPGLRVRNTYGPTETTLCATW,LDEAFDPSLYAVHLGTGGDRNTYGPTETTLCATW,DPYHGGTLC-,dhpg
Q81DQ0,KGVIVPMRGLSNFLMAMQQKFSLNENDHLLAVTTFAFDISALEIYLPLISGASLTIAQKEDIQEPSALTTLLQEERVTIMQATPTLWQALVTDYPEKLQGLNILVGGEALPAHLANKLKELGCSITNLYGPTETTIWSTF,FAMTFDISALELQALVGGETNLYGPTETTIWSTF,DILQLGLIW-,gly
Q81QP7,KGVIVPMKALSNFLLAMDDIFSLNENDHLLAVTTFAFDISALEIYLPLISGASLTIAQKEVIQEPSALTALLQEERVTIMQATPTLWQALVTEYPEKLQGLNVLVGGEALPAHLAKTLKELGCTITNLYGPTETTIWSTV,FAMTFDISALELQALVGGETNLYGPTETTIWSTV,DILQLGLIW-,gly
Q81QP7,KGVMIPHQNVVRLLGATDHWFQFDADDVWTMFHSYAFDFSVWEIWGPLLYGGRLVVVPHTVSRSPKEFLQLLVKEKVTVLNQTPSAFYQLMQADRENEEIGQKLSLRYVVFGGEALELSRLEDWYSRHPHNAPKLINMYGITETTVHVSY,LATHFDFSVWEGNQVFGGEINMYGITETTVHVSY,DFWNVGMVH-,thr
Q81QP9,KLIPRTHDDYIYSLRVSAEICNLSAESVYMAVLPvAHNYPMSSPGTFGTFYAGGKVVLATGGSPDEAFALIEKEKVTITALVPPLAMIWLDAASSRNNDLSSLEVIQVGGAKFSAEVAKRIRPTFGCTLQQVFGMAEGLVNYTR,SVSLYPMSSPGGALQVGGAQQVFGMAEGLVNYTR,PMPAQGVVN-,dhb
Q83M10,KLIPRTHNDYYYSVRRSAEICQFTQQTRYLCSIPaAHNYAMSSPGSLGVFLAGGTVVLAADPSATLCFPLIAKHQVNVTALVPPAVSLWLQALAEGESRAQLASLKLLQVGGARLSATLAARIPAEIGCQLQQVFGMAEGLVNYTR,SRSIYAMSSPGGALQVGGAQQVFGMAEGLVNYTR,AMPAQGVVN-,dhb
Q83VS0,KGVLVPHRAVSRLVLNNGYADFNAGDRVAFASNPAFDASTLDVWAPLLNGGCVVVVEQSVLLSLDEFRALLLSQSVSVLWMTAGLFHQYASGLMEALARLRYLIVGGDVLDPAVIARVLAEGAPQHLLNGYGPTEATTFSTT,LNNSFDASTLDAWMIVGGDLNGYGPTEATTFSTT,DALWIGGTF-,val
Q83VS0,KGVMIEHRGLVNYSVDAARLFGLSQSDTVLQQNTLNFDLSVEEIFPALLAGATLAPSREIFGSEGTENHGIypTVLHLTAAHWHTLVAEWHNQPQAAEQRLAEVRLINVTGDALSAQKLKLWDEVRPAHTRLINTYGPTEATVSCTA,YDANFDLSVEEPHLNVTGDINTYGPTEATVSCTA,DLEHNTTVS-,dab
Q83VS0,KGVMIEHRGLVNYSVDAARLFALSQSDTVLQQNTLNFDLSVEEIFPALLAGATLAPSREIFGSEGTENHGIypTVLHLTAAHWHTLVAEWHNQPQAAAQRLAEVRLINVTGDALSAQKLKLWDEVRPAHTRLINTYGPTEATVSCTA,YDANFDLSVEEPHLNVTGDINTYGPTEATVSCTA,DLEHNTTVS-,dab
Q83VS0,KGVIVTHNGIVRLVRDNYDFRADDRVAFSSNPAFDASSPEIWGALLNGGQSIIVEPSVLLEPAAFAALLKRHAVTVMFSSTALFNLYAGLIPEALAGLRMLECGGERADPASFRRVREHSSQVRLFNGYGPTEATTCATR,LDNSFDASSPEGFSECGGEFNGYGPTEATTCATR,DAPFEGGTC-,tyr
Q83VS0,KGVMIEHRNTVNFLTWAHSAFDASALEKTLFSTSLNFDLAVYECFAPLTSGGSIEVVKNVLELQHGEHDIGLINTVPSALKALLEVNGLPESVHTVNVAGEALKQSLVESLFENTGVQRLCNLYGPSETTTYSSW,FWATFDLAVYEANTNVAGECNLYGPSETTTYSSW,DLYNNALTY-,ala
Q83VS0,KGVMIEHRNTVNFLTWAHSAFDAGTATSALEKTLFSTSLNFDLAVYECFAPLTSGGSIEVVKNVLELQNGEHDIGLINTVPSALKALLDVDGLPRSVHTVNVAGEALKQSLVESLFENTGVQRLCNLYGPSETTTYSSW,FWATFDLAVYEANTNVAGECNLYGPSETTTYSSW,DLYNNALTY-,ala
Q83VS0,KGVMVEHRNVARLFSATQDWFGFGEQDVWALFHSFAFDFSVWEIWGALLHGGRLLIVPQLVSRSPQDFHDLLCSAGVTVLNQTPSAFRQLIAAQGENEQAHSLRQVIFGGEALETAMLKPWYARNVNAGTQLVNMYGITETTVHVTY,LATHFDFSVWEGNQIFGGEVNMYGITETTVHVTY,DFWNIGMVH-,dht
Q83VS0,KGVMVEHRNVARLFSATQSWFGFNEQDVWALFHSFAFDFSVWEIWGALLHGGRLLIVPQLVSRSPQDCYALLCNAGVTVLNQTPSAFRQLLNAQGESDQRHSLRQVIFGGEALDTGMLKPWYARVINAGTQLVNMYGITETTVHVTY,LATHFDFSVWEGNQIFGGEVNMYGITETTVHVTY,DFWNIGMVH-,thr
Q83VS0,KGVMNEHLGVVNRLLWARDAYQVNSQDRVLQKTPFGFDVSVWEFFLPLLTGAELVMARPGGHQDPDYLAQVMSDAGITLLHFVPSMLDVFLEHRSTRDFPQLRRVLCSGEALPRALQRRFEQQLKGVELHNLYGPTEAAIDVTA,RWATFDVSVWELHFLCSGEHNLYGPTEAAIDVTA,DVWHLSLID-,ser
Q83VS0,KGVMIEHRNTVNFLTWAHSAFDASALEKTLFSTSLNFDLAVYECFAPLTSGGSIEVVKNVLELQHGEHDIGLINTVPSALKALLDVDGLPRSVHTVNVAGEALKQSLVESLFENTGVQRLCNLYGPSETTTYSSW,FWATFDLAVYEANTNVAGECNLYGPSETTTYSSW,DLYNNALTY-,ala
Q83VS0,KGVMVEHRNVARLFSATEEWFGFNQQDVWALFHSFAFDFSVWEIWGALLHGGRLLIVPQLVSRSPEDFYNLLCSAGVTVLNQTPSAFRQLIAAQAENTQAHSLRQVIFGGEALETAMLKPWYARQANAGTQLVNMYGITETTVHVTY,LATHFDFSVWEGNQIFGGEVNMYGITETTVHVTY,DFWNIGMVH-,dht
Q83VS0,KGVMIEHRNTVNFLTWAHTAFDASALEKTLFSTSLNFDLAVYECFAPLTSGGSIEVVKNVLELQHGEHDIGLINTVPSALKALLEVNGLPESVHTVNVAGEALKQSLVESLFENTGVQRLCNLYGPSETTTYSSW,FWATFDLAVYEANTNVAGECNLYGPSETTTYSSW,DLYNNALTY-,ala
Q83VS1,KGVMIEHRNTVNFLTWAHTAFDGSALEKTLFSTSLNFDLAVYECFAPLTSGGSIEVVKNVLELQHGEHDIGLINTVPSALKALLEVNGLPESVHTVNVAGEALKQSLVESLFENTGVQRLCNLYGPSETTTYSSW,FWATFDLAVYEANTNVAGECNLYGPSETTTYSSW,DLYNNALTY-,ala
Q83VS1,KGVLVPHRAISRLAINNGYADFNAQDRVAFASNPAFDASTLDVWAPLLNGGCVVVIGQHDLLSPLNFQRLLLEQSVSVLWMTAGLFHQYASGLGEAFSRLRYLIVGGDVLDPAVIGRVLANNPPQHLLNGYGPTEATTFSAT,LNNSFDASTLDAWMIVGGDLNGYGPTEATTFSAT,DALWIGGTF-,val
Q83VS1,KGVLVPHRAISRLVINNGYADFNAQDRVAFASNPAFDASTLDVWAPLLNGGCVVVIGQHDLLSPLNFQRLLLEQSVTVLWMTAGLFHQYASGLGEAFSRLRYLIVGGDVLDPAVIARVLANNAPQHLLNGYGPTEATTFSAT,LNNSFDASTLDAWMIVGGDLNGYGPTEATTFSAT,DALWIGGTF-,val
Q83VS1,KGVMVEHRNVARLFSATEDWFGFNEQDVWALFHSFAFDFSVWEIWGALLHGGRLLIVPQLVSRSPEDFYTLLCSTAVTVLNQTPSAFRQLITAQGENQQAHSLRQVIFGGEALETAMLKPWYARNVNAATQLVNMYGITETTVHVTY,LATHFDFSVWEGNQIFGGEVNMYGITETTVHVTY,DFWNIGMVH-,dht
Q83VS1,KGVMIEHRNTVNFLTWAHHAFNGSALEKTLFSTSLNFDLAVYECFAPLTSGGSINVVKNVLELQHGEHDIGLVNTVPSALKALLEINGLPESVHTVNVAGEALKRSLVENLFEKTGVQRLCNLYGPSETTTYSSW,FWATFDLAVYEANTNVAGECNLYGPSETTTYSSW,DLYNNALTY-,ala
Q83Y49,KATASTHRAVVSLVKGTDYIDIKGDDRFLFFAPLAFDASTFEIWGALLNGAQLVVQPGEAGGLDDLAHTLENQQVSVLWLTSALFQEMVDQYPQAMAGVRHVLTGGDVVSPQSMRSLLARSTGTLTICYGPTEGTVFTTA,LGTAFDASTFEGWLLTGGDTICYGPTEGTVFTTA,DAFWLGCVF-,val
Q840D1,KLIPRTHDDYLYSVRESAKICELNQTSRLLMVLPaAHNFSMSSAGSLGIFYAGGAVVLGTDPSPETAFPLIKKHGVTDACLVPALVRPWMDKAAKDQDSILSTLRCLQVGGARLPDAAALRLIDEFKVSLQQVFGMAEGLVNYTR,SESLFSMSSAGGCLQVGGAQQVFGMAEGLVNYTR,SMACQGVVN-,dhb
Q84BQ4,KGVMVEHHTLSNLVDWHCTAFDLCAGRHTSSLAGFGFDAMAWEVWPALCAGATLHLAPTHEGGEDIDALLAWWCAQPLDVSFLPTPVAEYAFSQNLEHPTLRTLLIGGDRLRQFNRNQHFDVINNYGPTEATVVATS,LWHAFDAMAWEPFLLIGGDINNYGPTEATVVATS,DAWFLGNVV-,leu
Q84BQ4,KGVINEHSGVVNRLLWMQDAYQLTSSDTVLQKTPFSFDVSVWEFFWSLMTGARLVMARPEGHKDPLYLSEIIEREHITTLHFVPSMLDVFLAHADTARCASLRQVMCSGEALPGSVVRRFKQQLPGSQLHNLYGPTEAAVDVTA,RWMTFDVSVWEWHFMCSGEHNLYGPTEAAVDVTA,DVWHMSLVD-,ser
Q84BQ4,KGVMVPHRGIARLVLNNGYADFNRQDRVAFASNPAFDASTMDIWGPLLNGGRVVVIDHQTLLDPNAFGRELSASGATILFVTTALFNQYVQLIPQALKGLRMVLCGGERGDPTSFRRLRAEAPQLRIVHCYGPTETTTYATT,LNNSFDASTMDGFVLCGGEVHCYGPTETTTYATT,DAMFLGCTY-,ile
Q84BQ4,KGVMVPHRAIGRLVLNNGYADFNAQDRVVFASNPAFDASTMDIWGPLLNGGRVVVIDHQTLLDPNAFGHELSASRATVLFVTTALFNQYVQLIPQALKGLRILLCGGERGDPAAFRRLLAEAPKLRIVHCYGPTETTTYATT,LNNSFDASTMDGFVLCGGEVHCYGPTETTTYATT,DAMFLGCTY-,ile
Q84BQ4,KGVMIEHRSACNMVHWGSQISPPTEHGALLQKAPFSFDSSVWEIFWPLCSGMRLVLARPNGNRDSAYVVQTIREQQVTVVKFVPALLQQFIEQDGVEQCTSLTDVLNGGGELSAVLARQVRDRLPWVRLHNVYGPTETTVDSTG,MWGAFDSSVWEWKFLNGGGHNVYGPTETTVDSTG,DSWKLGVVD-,asp
Q84BQ5,KGVMVEHRNVVRLFSATHDWFNFNPQDVWALFHSFAFDFSVWEIWGALAFGGQLLLVPQAVSRSPDDCYALLCRTGVTVLNQTPSAFRQLIAAQGRSPLQHSLREVIFGGEALEPGLLKPWYARVGNAGTRLVNMYGITETTVHVTY,LATHFDFSVWEGNQIFGGEVNMYGITETTVHVTY,DFWNIGMVH-,thr
Q84BQ5,KGVMVEHATLENLVHWHAEAFDLQAGSQTASVAGFGFDAMAWEVWPALCVGATLHLPPPSIrNEHLDEMLDWWCAQPLQVSFLPTPVAEYAFSRQLQHPTLRTLLIGGDRLRQFSRQQTFEVINNYGPTEATVVATS,LWHAFDAMAWEPFLLIGGDINNYGPTEATVVATS,DAWFLGNVV-,leu
Q84BQ5,KGVVVEHATLENLVHWHCEAFDLRAGSHTASVAGCGFDAMAWEVWPALCVGATLHLPPPSIsNEHLDELLDWWRAQPLQVSFLPTPIAEYAFSRELGHPTLRTLLIGGDKLRQFSRGQTFDVINNYGPTEATVVATS,LWHAFDAMAWEPFLLIGGDINNYGPTEATVVATS,DAWFLGNVV-,leu
Q84BQ5,KGVINEHSGVVNRLLWMQDAYQLTSSDTVLQKTPFSFDVSVWEFFWPLMTGARLVMARPEGHKDPQYLSEIIEREQITTLHFVPSMLDVFLAHADTARCSSLRQVMCSGEALPGSVVRRFKQQLPASQLHNLYGPTEAAVDVTA,RWMTFDVSVWEWHFMCSGEHNLYGPTEAAVDVTA,DVWHMSLVD-,ser
Q84BQ6,KGVMVEHRTLCNLVDWHADVFDLHAGSHTSSLAGFGFDAMAWEVWPALCVGATLHLAPASEGSEDIDALLDWWRAQPLDVSFLPTPIAEYAFSRQLDHPTLRTLLIGGDRLRQFPRQPSFEVINNYGPTEATVVATS,LWHAFDAMAWEPFLLIGGDINNYGPTEATVVATS,DAWFLGNVV-,leu
Q84BQ6,KGVMIEHRSACNMVHWGSQLSPPTGHGALLQKAPFSFDSSVWEIFWPLCSGMRLVLARPDGNRDSAYVVQTIREHQVTVVKFVPALLQQFIEQDGVEQCTSLTDVLNGGGELSAALARQVRDRLPWVRLHNVYGPTETTVDSTG,MWGAFDSSVWEWKFLNGGGHNVYGPTETTVDSTG,DSWKLGVVD-,asp
Q884E3,KGVVISHGALANYVQGVLARLSLNDGASMAMVSTVAADLGHTLLFGALASGRPLHLLSHEQAFDPDGFARYMAEHQVEVLKIVPSHLQGLLQAAHPADVLPSQLLMLGGEASSWALIEQVRALKPGCRIVNHYGPTETTVGILT,YGVSADLGHTLGKIMLGGEVNHYGPTETTVGILT,DLTKMGHVG-,asp
Q884E3,KGAGNSHRALVNRLHWMQKAYALDGSDTVLQKTPFSFDVSVWEFFWPLLTGARLAVALPGDHRDPERLVQTIQEHQIRTLHFVPSMLQAFLTHPQVESCNSLRRVVCSGEALPAELAGQVLKRLPQASLYNLYGPTEAAIDVTH,RWMTFDVSVWEWHFVCSGEYNLYGPTEAAIDVTH,DVWHVSLID-,ser
Q884E4,KGTLLAHHNLMRLFAATDDWFKFNEKDVWTLFHSFAFDFSVWEIFGALLHGGRLVIVPREVTRSPEEFHALLVDQQVTVLNQTPSAFKQLMRVACDSPVPMSLQKVIFGGEALDVASLKPWFARFGDQMPRLINMYGITETTVHVTY,LATHFDFSVWEGNQIFGGEINMYGITETTVHVTY,DFWNIGMVH-,thr
Q884E4,KGAGNSHRALVNRLHWMQKAYALDDSDTVLQKTPFSFDVSVWEFFWPLLTGARLAVALPGDHRDPERLVQTIRQHEVTTLHFVPSMLQAFMTHPQVESCNSLSRVMCSGEALPAELVGQVLKRLPQVGLFNLYGPTEAAIDVTH,RWMTFDVSVWEWHFMCSGEFNLYGPTEAAIDVTH,DVWHMSLID-,ser
Q884E5,KGTLLAHHNLMRLFAATDDWFKFNEKDVWTLFHSFAFDFSVWEIFGALLHGGRLVIVPcEVTRSPEEFHALLVDQQVTVLNQTPSAFKQLMRVACDSTSVLSLETIIFGGEALDVASLKPWFARFGDQTPRLINMYGITETTVHVTY,LATHFDFSVWEGNQIFGGEINMYGITETTVHVTY,DFWNIGMVH-,thr
Q88VM6,KGVQISHDNLVSYVDWMLSDDFGLPDQPNSLSQPPYSFDLSVMDVYPTLALGGTLYALPKAVTDDFKQLFAALPTLPINVWVSTPSFMDICLLEPKFNAENLPTLTHFLFCGEELTHKTAATLKKRFPDARIFNTYGPTETCVAVTQ,YWMPFDLSVMDPVSLFCGEFNTYGPTETCVAVTQ,DLMVLCTVA-,ala
Q8CJX2,KGVVVEHRALSAFVRHCRSSQAPDISGLSVMQASASFDQSVGSLHAPLISGGCVRLTDLRALAETAGSepgfHRATFMKGTPSHLALLATMPPEVAPSGTLTLGGEELRGEILAPWREAAGDVTVVNVYGPTEATGHCLE,FHCSFDQSVGSAKGTLGGEVNVYGPTEATGHCLE,DQGKTGVGH-,3-me-glu
Q8CJX2,KGVTVTHSGLPALLDIFTSQLDVVPGSRVLHHLSPAFDGGFWELAMGLLTGAALVVVEPGTVPGPALAALAVRHRVTHAAITPAVLQLIPEGALPAGTTLVVAAETCPPELVARWSAGRLMRNSYGPTETTVCATM,LIFLFDGGFWEMAIVVAAERNSYGPTETTVCATM,DGWAVASVC-,trp
Q8CV01,KLIPRTHDEYIYSLRKSVEICRISQDTNFLAVLPvAHNFTMSSPGVFGVIYAGGKIILSKYPSPDVAFPLIEKEKVDFTSLVPPLAIVWLQAQKRTKADLRSLEVIQVGGAKCSVEVAKQIGPAFHCKLQQVFGMAEGLVNYTR,SKSLFTMSSPGGSLQVGGAQQVFGMAEGLVNYTR,TMPSQGVVN-,dhb
Q8CZT9,KAVVVTHQAAMNTIDEINRRYVDDGKIILFALsALNFDLSVYDIFGPLSVGGSLVLPNAGDEKEAKQWLSALHQHQVTHWNSVPALFEMLLIAAEQGTQALPRSLQQVLLSGDWIGLDLLPRLRALGSQARFTTLGGATEAAIWSNA,TEIAFDLSVYDGNSLLSGDTTLGGATEAAIWSNA,DLYNLSLIW-,cys
Q8FK18,KLIPRTHNDYYYSVRRSVEICQFTQQTRYLCAIPaAHNYAMSSPGSLGVFLAGGTVVLAADPSATFCFPLIEKHQVNVTALVPPAVSLWLQALAGGESRAQLASLKLLQVGGARLSATLAARIPAEIGCQLQQVFGMAEGLVNYTR,SRSIYAMSSPGGALQVGGAQQVFGMAEGLVNYTR,AMPAQGVVN-,dhb
Q8FK25,KGVMVGQQAIVNRLLWMQNHYPLTGEDVVAQKTPCSFDVSVWEFFWPFIAGAKLVMAEPEAHRDPLAMQHFFADYGVTTTHFVPSMLAAFVASLTPQTARQSCATLKQVFCSGEALPADLCREWQQLTGAPLHNLYGPTEAAVDVSW,RWMTFDVSVWEWHFFCSGEHNLYGPTEAAVDVSW,DVWHFSLVD-,ser
Q8FXQ0,KLIPRTHNDYDYSVRASAEICALTPQTRFLCALPtAHNYPMSSPGALGVFHAGGCVVMASNPEPLNCFSIIERHGVNMVALVPPAVALWLQATPDHLAALSSLKLVQVGGASFAEALARQVPQVLGCKLQQVFGMAEGLVNYTR,SASLYPMSSPGGALQVGGAQQVFGMAEGLVNYTR,PMPAQGVVN-,dhb
Q8G982,KGVMNLHQGICNNILRTKDSYPTTNRDRLLQISSLAFDASVLDIFWSLSSGMALIIPKPEGTKDLAYLIQLMIEKKVSQVFFVPSLLRLLLQQPNLENCRYLKRVFCGGEALSSELMQQFFQHFNCELHNLYGPTETSVDATC,NRTSFDASVLDWFFFCGGEHNLYGPTETSVDATC,DALFFGLVD-,leu
Q8GA86,KLIPRTHDDYIYSLKRSVEVCWLDHSTVYLAALPmAHNYPLSSPGVLGVLYAGGRVVLSPSPSPEIAFPLIEREKVTITALVPPLAMVWMDAASSRRDDLSSLQVLQVGGAKFSAEAARRVKAVFGCTLQQVFGMAEGLVNYTR,SRSLYPLSSPGGALQVGGAQQVFGMAEGLVNYTR,PLPAQGVVNR,dhb
Q8GAQ3,KGVMVAHIGLHNLLKVQIQAFKVSSNSRVLQFASLSFDASIWEIVMALGSGASLYLESRENLLPGASLSKWLNEKKITHLTLPPSALAVMQKEELPSLQTIVVAGEACPAEVISQWSQGRQFVNAYGPTESTVCATM,LVQAFDASIWEMTLVVAGEVNAYGPTESTVCATM,DAWTVAAVC-,phe
Q8GAQ3,KGVMIDHRGAVNTIQDINQRFDVQPTDRMLAVSALNFDLSVYDIFGLLAAGGTLVMPTPEAAKDPVHWVELMTTHQVTLWNTVPALMQMLVEYLSEHPDQVTEDLRLALLSGDWIPLNLPTQIQSLWPQGQVVSLGGATEASIWSVY,TDISFDLSVYDGNTLLSGDVSLGGATEASIWSVY,DLYNLSLIW-,cys
Q8GAQ5,KGVMLSHRNILSESAGTIQMNHFDSEAVTLNWMPlDHVGGIIMLNVMAVELGCQQVHAPTKYILQNPLHWLALIERHQATISWGPNFAYSLINDLVQDAEAGSWDLSSISFLVNGGEQISPKVARRFLKLMKRqgLAETVLRPAFGMSETSGGITW,EGTMGGIIMLNAWGVNGGERPAFGMSETSGGITW,GILWVGAGG-,tcl
Q8GAQ6,KGVLIKHGSVIDFFEGTREFYDVDEDSRCVSFSPFHFDASVIDILFPLYQGAWLYLYSDVVLHELLFEVIKNNSVTHFAAFGSMLGLIAQTKEFDDVILKDLKTILTGADVPDIKVIQKWLGKGENIKIINGYGPTEGTCACAA,FGTSFDASVIDFAALTGADINGYGPTEGTCACAA,DAIALGGCA-,leu
Q8GGP3,KGVAVAHRPVLNLINWCRRTFGFGPGDMGLCVTSLGFDLSVFDVFGLLGTGAALYIADAEQQRDPALLLDVLIEEPVTFWNSAPTTLAQvgpLLDTVGTAGTGDLRLVFLSGDFTPLPLPDEVRAVFPRADMISLGGATEATVWSNW,LWCTFDLSVFDGNSFLSGDISLGGATEATVWSNW,DLFNFSLVW-,cys
Q8J0L6,KGVVNSHSSFLAAMPVYLKALELDNNSRVFQFASYAFDVTIFDALMTLVAGGCVCVLSNADRSSDLTSAIQHFGTTHLSVTPTVARILDPQDFPSLKTIVLGGELSASDELLKWVNNVRVIRLYGASECTVMSIQ,AVYAFDVTIFDMSVVLGGEIRLYGASECTVMSIQ,DVFSVGLVM-,d-lyserg
Q8K744,KGVQISHDNLLSFTNWMIEDAAFDVPKQPQMLAQPPYSFDLSVMYWAPTLALGGTLFALPKELVADFKQLFTTIAQLPVGIWTSTPSFADMAMLSDDFCQAKMPALTHFYFDGEELTVSTARKLFERFPSAKIINAYGPTEATVALSA,FWMPFDLSVMYPTSYFDGEINAYGPTEATVALSA,DLMTYDAVA-,ala
Q8KLL3,KGVAVPHRSVAELAGNPGWAVKPGDAILMHAPHAFDASLFEIWVPLVSGARVVIAEPGAVDARRLREAIAAGVTKVHLTAGSFRALAEESSESFAGLQEVLTGGDVVPAHAVEKVRKAVPQARIRHLYGPTETTLCATW,LNPAFDASLFEVHLLTGGDRHLYGPTETTLCATW,DAFHLGLLC-,hpg
Q8KLL3,KGVVVTHAGLGNLAAAQIDRFAVSPSSRVLQFAALGFDATVSEALMALLSGATLVMAPKQDLPPRVSLAEALERWDVTHVTVPPSVLATADVLPESLETVVVAGEACPPGLADRWSEGRRLINAYGPTEATVCAAM,LAQAFDATVSEMTVVVAGEINAYGPTEATVCAAM,DASTVAAVC-,tyr
Q8KLL4,KGVAVAHGGVAALAGDPGWGVGAGDTVLMHAPHTFDASLYDLWVPLVSGARVLLAEPGVVDAERLAAHVAEGLTSVNFTAGQFRALVQESPESFSGLRDVLAGGDVVPLGEVERVRRACPELVVWHTYGPTETTLCATW,LDPAFDASLYDVNFLAGGDWHTYGPTETTLCATW,DAYNLGTLC-,dhpg
Q8KLL5,KGVAVSHGNVAALVGEPRWEIGPGDTVLTHASHAFDISLFEIWVPLLSGARMMIAEPGAVDGEALARYVAAGVTAAHLTAGAFRVLAEESPESVAGLREVLTGGDEVPPAAVRRVRRACPDIRVRHLYGPTETTLCATW,LEPAFDISLFEVHLLTGGDRHLYGPTETTLCATW,DIFHLGLLC-,hpg
Q8KLL5,KGIVVPHGSVAALAGDPGWALDADDCVLMHASHAFDASLFEIWAPLVRGARVMVAEPGAVDTQRLREAVARGVTTVHLTAGSFRVLAEESPGSFDGLREILTGGDVVPLASVAQLRRACPDVRVRHLYGPTETTLCGTW,LDPAFDASLFEAHLLTGGDRHLYGPTETTLCGTW,DAFHLGLLC-,hpg
Q8KLL5,KGVQVTHAGLGNLAGAQIERFGVTSSSRVLQFASLGFDAAISELCMALLSGGTVVLADPDSMPPRVSLGDAVRRWRITHVTVPPSVLAVEEDLPDSLETLVVAGEACPPALVDRWSGDRRMINGYGPTETTVCVTM,LAQAFDAAISEMTVVVAGEINGYGPTETTVCVTM,DASTVAGVC-,bht
Q8KLL6,KGVAVTHGGVAGLAGDAGWRIGPDDGVLMHATHVFDASLYEMWVPLATGGRILLAEPGVVDADGVRRAVERGATALHLTAGTFRALAEASPECFTGLTEVGTGGDVVPAFAVENLRRAQPALRVRNTYGPTETTLCATW,LDAAFDASLYEVHLGTGGDRNTYGPTETTLCATW,DAYHGGTLC-,dhpg
Q8NJX1,KGLVMQHQAVCTSQTAITKRLRMTSDVKMLQFASFVFDLSIGEIFGPWVVGGCICVPSEETRMNDLVNFINTMKINWAYLTPSFARTLNPVDVPGLELLLFAGEAVRRDVFEAWFGRLRLINGWGPAETCVFSTL,SAIAFDLSIGEGYLLFAGEINGWGPAETCVFSTL,DLGYLAGVF-,iva
Q8NJX1,KGIVMQHGALCTNQAALSGWLGFDHTVRMLQFSSFVFDVSVGEIVQALMNGACVCVPSEHMRLNSLDSFVRDFNVTWAYLTPSFTRTLKPKDFPSLKLLLLAGEPTTQDVLDTWFGLPNTRFINAWGPAETCVYNTL,NALSFDVSVGEQYLLLAGEINAWGPAETCVYNTL,DVGYLAAVY-,ser
Q8NJX1,KGVVIQHRSLCTNMNAIAKRVRYHLDVRILQFSAYVFDFSILEIIMSLLQGACVCVPSEHIRMNGIVDFIRDMNINWLYLTPSFLRTINPIDVPNVELVFAGGEAIPRDVFETWVGRVRFINGWGPTETTVVGSI,NAISFDFSILEMYLFAGGEINGWGPTETTVVGSI,DFLYFGGVV-,leu
Q8NJX1,KGLVMQHGAVCTSQTAIAKRLSLTPDVRILQFAAYVFDLSIGEIVAPLIHGACVCVPSEETRMNGLKEFIRDARINWAYLTPSFVRTLRPEDVPSLQLLLLAGEAVGRDILDTWFGKVRLINGWGPAETCVFSTL,SAIAFDLSIGEAYLLLAGEINGWGPAETCVFSTL,DLGYLAGVF-,iva
Q8NJX1,KGMVIQHNSLCSSGNAYGCDLEIGPGTRIFQFSAYTFDVGVLDCLVSLMRGATICIPSDHARLNDLAGAMNVTKANWVFLTPTVADLLSPADVPYLKTLCLGGEAISKKCADRWVNCTNLHGLYGPAEASICAWN,SAYSFDVGVLDVFLCLGGEHGLYGPAEASICAWN,DVLFCGLIC-,pro
Q8NJX1,KGVVIEHGALCSSQTSYVRRLGHAPGVRMLQFSSFVFDASIAEIFAPLISGACVCIPSwETQMNSLTGYICKENVTWALLTPSFARTMDPLEVPCLEILILGGEAVSRDVFELWFGKVRLFNAWGPTESCVFGSL,SSYSFDASIAEALLILGGEFNAWGPTESCVFGSL,DAALIGAVF-,val
Q8NJX1,KGLVMQHGSVCTSQTAIVKRLGLTPSVRMLQFAAFVFDLSIGEIIAPLITGACLCIPSEHTRMNSLTQFIRDMEINWAFLTPSFIRTINPVEVPGLDLVLLAGEAVPRDVLTTWFGQVRLINGWGPAETCVFSTL,SAIAFDLSIGEAFLLLAGEINGWGPAETCVFSTL,DLGFLAGVF-,iva
Q8NJX1,KGLVMTHGGISTSQMAIKRKWGINSSNRTLQFVPNVFDLCLGESILQLISGACIFIPSEYTRMNGLKDFITEHKINTLFLTPSFVRTLSPDQLPSVTLLLLAGEAVPRDILTTWFGKVRLWNGWGPAETCLFSSL,SAIVFDLCLGELFLLLAGEWNGWGPAETCLFSSL,DLGFLAGLF-,iva
Q8NJX1,KGVVMQHGSFSSTTIGYGKVYNLSPLSRIFQFSNYIFDGSLGEIFGPLAFGGTICIPSDDERLQCAPDFMHRAKVNTAMLTPSFVRTFTPDKVPHLKTLVLGGEAASKSTLEMWVDRVTLFNGYGPAEACNYATT,TGYSFDGSLGEGMLVLGGEFNGYGPAEACNYATT,DGGMVGGNY-,gln
Q8NJX1,KGVIIDHKGVATVLLRQREDFSINGDSRMLQFSNYVFDACIIEIFTTLIAGATVCVPTEHQRVHNTAAFIREARINHAILTPTFTKTLSPEQIPGMKAIILVGEAPTKEIIDIWVDKVELHNGYGPAEACVTSTN,VRQSFDACIIETILILVGEHNGYGPAEACVTSTN,DAIIIVGVT-,vol
Q8NJX1,KGLVMEHVSVCTSQTAISQRLELTTDVRMLQFSAFVFDISVGEIVATLISGASLYIPDENTRLNNLPNFIQNNNINCAMLTSSFLRTIKPADVPALELLVFVGEAPARDVFETWFGKVRLINGWGPAETCVLSTI,SAISFDISVGEAMLVFVGEINGWGPAETCVLSTI,DIGMVVGVL-,gly
Q8NJX1,KGIVMEHGSLCTSQRDIAKRLGLKSNVRMLQFSSFVFDVSVGEIMLSLMHGACVCIPSDHDRLNNLGGFIRDAEVTWAFLTPSFARTLCPQDVPNLELIVLAGEPVSQDVFDLWFGKTRLVNGWGPAETCVLSAI,SDISFDVSVGELFLVLAGEVNGWGPAETCVLSAI,DVGFVAGVL-,ala
Q8NJX1,KGVVIEHRSVCTSQTAMIKRLRVTSDVRMLQFASFVFDMSVGEVIPTLFSGGCVFVPSEDIRMGNIAQYIRDQRINWAFFTPSFLRTLAPKDIPNLEVLLIGGEAIPKEILNTWFGRVRLINGWGPVETCVCSSW,SAMAFDMSVGEPFFLIGGEINGWGPVETCVCSSW,DMGFLGGVC-,val
Q8NJX1,KGFVIEHKAVCTSQTAITNRLGLHRGVRMLQFASYVFDLSVGEICCTLICGACLVIPSDEVRLNNLAKFMREKDINWAWFTPSFIRTLEPADVPKLELVLLCGEASDKKILEIWVGKVQLFNGWGPAETCVFSSL,SAIAFDLSVGECWFLLCGEFNGWGPAETCVFSSL,DLGWLCGVF-,iva
Q8NJX1,KGVLMEHSAFATSTLGHGGIYNLSPASRVFQFSNYIFDGSLGEIFTTLSFGGTVCVPSEDERLQKAPSFMREARVNTAMLTPSFVRTFAPEQVPSLRLLVLGGEPSSKDLLETWCGRLRLVNGYGPAEACNYATT,SGHSFDGSLGETMLVLGGEVNGYGPAEACNYATT,DGGMVGGNY-,gln
Q8NJX1,KGLVMEHRSVCTSLTAITKRLKIRPSARTLQFAAHVFDCAVGEIISSLFTGGCLFVPSDHDRMNALPEFIRQNKINYMWSTPSFIRTLSPMDVPSLELVVLVGEAVTRDIMDTWFGKVRLINGWGPAETCVVSTI,SAIAFDCAVGESWSVLVGEINGWGPAETCVVSTI,DCGWVVGVV-,iva
Q8NJX1,KGVVIEHGSLCTSQISLSKALDFNEEFRVLQFSSYSFDIILFEIGSTFLTGACLFVPSwDEQMNELVEYIRKHQLTFMVLTPTLARTIRPEDVPSVDMLVVAGEAPTRDILDIWFGKLRLANGWGPTECSVIACL,SSLSFDIILFESVLVVAGEANGWGPTECSVIACL,DIFVVAGVI-,ala
Q8NJX1,KGLIMEHGSVCTSQVAIAKRLGLNSKVRILQFAAFVFDLSIGEIVGPLISGACICVPSEHIRKNSIANFINRQGITWTYLTPSFVRTIKASEVPNVKLLLLAGEAVPRDIFATWFGKLRLINGWGPAETCCFSTL,SAIAFDLSIGEGYLLLAGEINGWGPAETCCFSTL,DLGYLAGCF-,iva
Q8P0J9,KGVQISHDNLLSFTNWMIEDAAFDVPKQPQMLAQPPYSFDLSVMYWAPTLALGGTLFALPKELVADFKQLFTTIAQLPVGIWTSTPSFADMAMLSDDFCQAKMPALTHFYFDGEELTVSTARKLFERFPSAKIINAYGPTEATVALSA,FWMPFDLSVMYPTSYFDGEINAYGPTEATVALSA,DLMTYDAVA-,ala
Q8P449,KGVEVSHRNLANFLHAMEQELALRPRDRVLAVTTITFDIAGLELYLPLLTGARVVIAPAGITHDPRSLSRLIANEQISVVQATPSLWRILLANQELALDRVHALVGGEALVPELAAQLLSRVGRLTQLYGPTETTIWSTI,FAMTFDIAGLELQALVGGETQLYGPTETTIWSTI,DILQLGLIW-,gly
Q8PFQ6,KGVEISHRNLFNFLHAMEHELALRPRDRVLAVTTITFDIAGLELYLPLLVGARVVIAPAGISHDPRGLSRLIADEHISVVQATPSLWRILLANEDLVLDRIHALIGGEALVPELATQLLSRVGRLTQLYGPTETTIWSTI,FAMTFDIAGLELQALIGGETQLYGPTETTIWSTI,DILQLGLIW-,gly
Q8RTG4,KGVMNIHRGICNTLTYAIGHYNINSEDRILQITSLSFDVSVWEVFLSLISGASLVVAKPDGYKDIDYLIDLIVQEQVTCFTCVPSILRVFLQHPKSKDCHCLKRVIVGGEALSYELNQRFFQQLNCELYNAYGPTEVAVETTI,TYATFDVSVWELTCIVGGEYNAYGPTEVAVETTI,DVWTIGAVE-,arg
Q8VM38,KAVVVPHRAPAAVVPPLRALYGIGDGESVLHFHGVGGDTSLEEILPTLTGGGTLVLDDGAREGFARVAEEQQVSVAVLPTGFWDSLTGDLLHNGARLPASLRTVVIGGEAVRADMLERWHRVRGAEDVRLLNTYGSTETALVTHA,VPLHGDTSLEEPVLVIGGELNTYGSTETALVTHA,DTEVVGTLV-,lys-b
Q8VM67,KGVQISHDNLLSFTNWMISDDEFSVPERPQMLAQPPYSFDLSVMYWAPTLAMGGTLFALPKTVVNDFKKLFATINELPVQVWTSTPSFADMALLSNDFNSETLPQLTHFYFDGEELTVKTAQKLRQRFPKARIVNAYGPTEATVALSA,FWMPFDLSVMYPTSYFDGEVNAYGPTEATVALSA,DLMTYDAVA-,ala
Q8XBV3,KLIPRTHNDYYYSVRRSVEICQFTQQTRYLCAIPaAHNYAMSSPGSLGVFLAGGTVVLAADPSATLCFPLIEKHQINVTALVPPAVSLWLQALTEGESRAQLASLKLLQVGGARLSATLAARIPAEIGCQLQQVFGMAEGLVNYTR,SRSIYAMSSPGGALQVGGAQQVFGMAEGLVNYTR,AMPAQGVVN-,dhb
Q8XBV9,KGVMVGQTAIVNRLLWMQNHYPLTGEDVVAQKTPCSFDVSVWEFFWPFIAGAKLVMAEPEAHRDPLAMQQFFAEYGVTTTHFVPSMLAAFVASLTPQTARQNCATLKQVFCSGEALPADLCREWQQLTGAPLHNLYGPTEAAVDVSW,RWMTFDVSVWEWHFFCSGEHNLYGPTEAAVDVSW,DVWHFSLVD-,ser
Q8Y8D4,KGVQISQNNLVSFSNWILQDFSLSQGLRFLNQAPFSFDLSVMDLYPSLLSGGTLVPLDKTITANMKDLYREIPAQNLDVWVSTPSFADLCLLDENFNQENNPRLTRFLFCGEVLAKKTASELLDRFPDAVIYNTYGPTEATVAVTQ,FWIAFDLSVMDPVSLFCGEYNTYGPTEATVAVTQ,DLMVLCTVAK,ala
Q8Z8L1,KLIPRTHNDYYYSVRRSNEICGFNEETRFLCAIPaAHNYAMSSPGALGVFLAKGTVVLATDPGATLCFPLIEKHQINATALVPPAVSLWLQAIQEWGGNAPLASLRLLQVGGARLSATLAARIPAEIGCQLQQVFGMAEGLVNYTR,SRSIYAMSSPGGALQVGGAQQVFGMAEGLVNYTR,AMPAQGVVN-,dhb
Q8Z8L5,KGVMVGQTAIVNRLLWMQDHYPLTADDVVAQKTPCSFDVSVWEFFWPFIAGAKLVMAEPEAHRDPLAMQRFFAQYGVTTTHFVPSMLAAFIASLTPASAGKSCASLKRVFCSGEALPTALCREWETLTNAPLHNLYGPTEAAVDVSW,RWMTFDVSVWEWHFFCSGEHNLYGPTEAAVDVSW,DVWHFSLVD-,ser
Q8ZF24,KGVVISHRGALNTCCDINTRYQVGPHDRVLALSALHFDLSVYDIFGVLRAGGALVMVMENQRRDPHAWCELIQRHQVTLWNSVPALFDMLLTWCEGFADATPENLRAVMLSGDWIGLDLPARYRAFRPQGQFIAMGGATEASIWSNA,TDISFDLSVYDGNSMLSGDIAMGGATEASIWSNA,DLYNMSMIW-,cys
Q8ZR32,KLIPRTHNDYYYSVRRSNEICGFNEDTRFLCAIPaAHNYAMSSPGALGVFLAKGTVVLATDPSATLCFPLIEKHQINATALVPPAVSLWLQAIQEWGGNAPLASLRLLQVGGARLSATLAARIPAEIGCQLQQVFGMAEGLVNYTR,SRSIYAMSSPGGALQVGGAQQVFGMAEGLVNYTR,AMPAQGVVN-,dhb
Q8ZR37,KGVMVGQTAIVNRLLWMQDHYPLTADDVVAQKTPCSFDVSVWEFFWPFIAGAKLVMAEPEAHRDPLAMQRFFAQYGVTTTHFVPSMLAAFIASLTPASAGKSCASLKRVFCSGEALPTALCREWETLTNAPLHNLYGPTEAAVDVSW,RWMTFDVSVWEWHFFCSGEHNLYGPTEAAVDVSW,DVWHFSLVD-,ser
Q92D47,KGVQISQNNLVSFSNWILQDFSLRQGLRFLNQAPFSFDLSVMDLYPSLLSGGTLVPLDKTITANMKDLYREIPAQNFDVWVSTPSFADLCLLDDNFNQENNPNLTRFLFCGEVLAKKTASELLDRFPDAVIYNTYGPTEATVAVTQ,FWIAFDLSVMDPVSLFCGEYNTYGPTEATVAVTQ,DLMVLCTVAK,ala
Q939Y2,KGVVVTHRGIPNLAADYVHRQNLLPDSRLLAFASPSFDAAVAEFWPIWLAGACLVLAPAPDLIPGEPLARLVRDRHITHVTLPPSALAPLEEAGGLPPGLTLLVAGEAGPAPVAKRWAAGRVMINAYGPTEATVAVTA,LDYAFDAAVAEPTLLVAGEINAYGPTEATVAVTA,DAATLAAVA-,tyr
Q939Y9,KGVAIPHGAVAGLAGDAGWQIGPGDGVLMHATHVFDPSLYAMWVPLVSGARVLLTEPGVLDAAGVRQAVHRGATFVHLTAGTFRALAETAPECFEGLVEIGTGGDVVPLQSVENLRRAQPGLRVRNTYGPTETTLCATW,LDAAFDPSLYAVHLGTGGDRNTYGPTETTLCATW,DPYHGGTLC-,dhpg
Q939Z0,KGVAVSHGNVAALAGEPGWRVGPGDAVLLHASHAFDISLFEMWVPLLSGARVVLAGPGAVDGAALAAYVAGGVTAAHLTAGAFRVLADESPEAVAGLREVLTGGDAVPLAAVERVRGRVRNVRVRHLYGPTEATLCATW,LEPAFDISLFEVHLLTGGDRHLYGPTEATLCATW,DIFHLGLLC-,hpg
Q939Z0,KAVAVPHGSVAALASDPGWSQGPGDCVLLHASHAFDASLVEIWVPLVSGARVLVAEPGTVDAERLREAVSRGVTTVHLTAGAFRAVAEESPDSFIGLREILTGGDAVPLASVVRMRQACPDVRVRQLYGPTEITLCATW,LDPAFDASLVEVHLLTGGDRQLYGPTEITLCATW,DAVHLGLLC-,hpg
Q939Z0,KGVLVTHSGLANLGYAHIERMAVTSSSRVLQLSATGFDAIVSELYMALLAGATLVLPDAASMPPRVTLGEAIRRAGITHLTVSPSVLASEDDLPDTLRTVLTGGEALPPALVDRWSPGRRVIQAYGPTETTICSTM,LAHSFDAIVSEMTVLTGGEIQAYGPTETTICSTM,DASTLGAIC-,bht
Q939Z1,KGVTISQGCVAELTMDAGWAMEPGEAVLMHSPHAFDASLFELWMPLASGVRVVLAEPGSVDARRLREAAAAGVTRVYLTAGSLRAVAEEAPESFAEFREVLTGGDVVPAHAVERVRTAAPRARFRNMYGPTEATMCATW,LDASFDASLFEMYLLTGGDRNMYGPTEATMCATW,DAFYLGMMC-,leu
Q939Z1,KGVVVTHAGLGNLALAHIDRFGVSPSSRVLQFAALGFDTIVSEVMMALLSGATLVVPPERDLPPRASFTDALERWDITHVKAPPSVLGTADVLPSTVETVVAAGELCPPGLVDRLSADRRMINAYGPTETTICATM,LAHAFDTIVSEMKAVAAGEINAYGPTETTICATM,DTSKVAAIC-,bht
Q939Z1,KAVVVTHRNLTNYLLHCGRMYPGLRGRSVLHSSIAFDLTVTATFTPLIVGGEIHVGALEDLIGVVEAAPSIFLKATPSHLLTLDTASRGSAGSGDLLLGGEQLPADTVVQWRRKYPNIVVVNEYGPTEATVGCVE,YHCSFDLTVTATKALLGGEVNEYGPTEATVGCVE,DLTKLGEVG-,asn
Q93I54,KGVAIEHQGLTNYIWWARRVYVKGEKTNFPLYSSIAFDLTITSVFTPLITGNAIIVYGGENSTALLDSIIQDSRADIIKLTPAHLQLLKEINIPAECTIRKFIVGGDNLSTRLARSISGKFGGKIEIFNEYGPTETVVGCMI,YWASFDLTITSTKLIVGGDFNEYGPTETVVGCMI,DLTKIGEVG-,asn
Q93I54,KGVMVEHRSVINRLVWMQEHYPLDKQDVILQKTPITFDVSVWELFWWSMTGSKAVLLSNGGEKNPDVILDTIAQKNVTIMHFVPAMLHAFLESMEQKSDEELKRKLASLKYVFASGEALTPAHVAGFHRMITPagEAQIINLYGPTEATIDVSY,RWMTFDVSVWEWHFFASGEINLYGPTEATIDVSY,DVWHFSLIDE,ser
Q93I55,KGVMVEHGGIVNSLQWKKAFFRHSPADRVLVLYPYVFDAFILNFFGPLISGATLHLLPNKENKETFAIQNAIKQERITHFSTSPRLLKTMIEQMNREDFIHVQHVVVGGEQLEADTVEKLHSLQPRIRINNEYGPTENSVVSTF,SWKYFDAFILNGSTVVGGENNEYGPTENSVVSTF,DALSVGEVV-,tyr
Q93I55,KGVLIEHGGLTNYIWWAKEVYVKGEKANFPLYSSISFDLTVTSIFTPLVTGNAIIVYDGEDKTALLESIVRDPRVDIIKLTPAHLQVLKEMNIADQMAVRRMIVGGENLSTRLARSIHEQFEGRIEICNEYGPTETVVGCMI,YWASFDLTVTSTKLIVGGECNEYGPTETVVGCMI,DLTKIGEVG-,asn
Q93I55,KGTLIEHRQVIHLIEGLSRQVYSAYDAELNIAMLAPYYFDASVQQMYASLLSGHTLFIVPKEIVSDGAALCRYYRQHSIDITDGTPAHLKLLIAAGDLQGVTLQHLLIGGEALSKTTVNKLKQLFGEhGAAPGITNVYGPTETCVDASL,LGLAFDASVQQADGLIGGETNVYGPTETCVDASL,DAQDLGVVD-,gln
Q93I55,KGVQLEHKTMTNLLAYEQDHTQLRFDRVLQFAAMSFDVCYQEMFSALSSGGTLFIIGNEAKRDIRQLNDFVRTHGIQTAFLPTAFLKLLASEKHYFEPFAECVDHIIAAGEQLIATRMLRDMLARHQVTLHNHYGPSETHVVTMY,LYEAFDVCYQESFLIAAGEHNHYGPSETHVVTMY,DVQFIAHVV-,pro
Q93I56,KGVLIEHQGLADYIWWAKEVYVRGEKTNFPLYSSISFDLTVTSIFTPLVTGNTIIVFDGEDKSAVLSEIMRDSRIDMIKLTPAHLHVIKEMNIAGDTAIRKMIVGGENLSTRLAKSVSEQFKGRLDIFNEYGPTEAVVGCMI,YWASFDLTVTSTKLIVGGEFNEYGPTEAVVGCMI,DLTKIGEVG-,asn
Q93LR1,KGVMNIHRGICNTLTYAIGHYNITSEDRILQITSLSFDVSVWEVFSSLISGASLVVAKPDGYKDIDYLIDLIVQEQVTCFTCVPSILRVFLQHPKSKDCHCLKRVIVGGEALSYELNQRFFQQLNCELYNAYGPTEVAVETTI,TYATFDVSVWESTCIVGGEYNAYGPTEVAVETTI,DVWTIGAVE-,arg
Q93N86,KGVAVPHDAVAALAGDPGWGVHAQDAVLLHAPHAFDASLFEIWVPLVSGARVVVAEPGVVDALRIREEVAAGVTALHLTAGTFRVLAEEEPECFAGLREVLTGGDVVPPQAVERVRQVCPELRIRHLYGPTETTLCATW,LDPAFDASLFEVHLLTGGDRHLYGPTETTLCATW,DAFHLGLLC-,hpg
Q93N87,KGVAVPHGSVAALVGEPGWAVGPGDSVLFHAPHAFDISLFEVWVPLASGARVEVAEPSVVVDAAAVREYIAGGVTHVHVTAGLFRVLAEESPECFTGAREVLTGGDVVPARAVQRVRSACPEVRVRHLYGPTEVSLCATW,LEPAFDISLFEVHVLTGGDRHLYGPTEVSLCATW,DIFHLGLLC-,hpg
Q93N87,KGVAVPHGSVAALVGETGWGLGPGDSVLFHAPHAFDISLFEVWVPLASGARVVIAEPGVAVDAAAVRRHIAAGVTHVHVTAGLFRVLADEEPECFNGAHEVLTGGDVVPLEAVARVRAACPEVRVRHLYGPTEVSLCATW,LETAFDISLFEVHVLTGGDRHLYGPTEVSLCATW,DIFHLGLLC-,hpg
Q93N87,KGVVVPHAGLGNLAAAQIDRFAVGPDARVLQLASLGFDAAVSELLMALLSGAAAIVAPAETLPPLVSLTEALRHWDVTHVTVPPSALATADELPDGLRTLVVAGEACPPALADRWAGGRRMINAYGPTETTVCASM,LAQAFDAAVSEMTVVVAGEINAYGPTETTVCASM,DASTVAAVC-,tyr
Q93N88,KGVAVPHASVAALVGEPGWGVGPGDAVLFHAPHAFDISLFEVWVPLASGGRIVVAEPSMAVDGAAVRRHIADGVTHVHVTAGLFRVLAEEASDCFDGVHEVLTGGDVVPLEAVERVRAACPDVRVRHLYGPTEVSLCATW,LEPAFDISLFEVHVLTGGDRHLYGPTEVSLCATW,DIFHLGLLC-,hpg
Q93N89,KGVAVPHGSVAALVGESGWGLGPGDSVLFHAPHAFDISLFEVWVPLASGARVVIAEPGVAVDAAAVRRHIAAGVTHVHVTAGLFRVLAEEAPDCFTGAREVLTGGDVVPLEAVERVRAACPDVRVRHLYGPTESTLCATW,LESAFDISLFEVHVLTGGDRHLYGPTESTLCATW,DIFHLGLLC-,hpg
Q93N89,KGAAVTWGGLRNLVADRIERYGIGTDTRLVQLVSPSFDVSMADIWPTLCAGGRLVLAPPGGHTTGDELGDLLADHRITHAVMPAVQLTHLPDRELPALRVLVSGGDALPADTRRRWVARCDLHNEYGVTEATVVSTV,LDRVFDVSMADPVMVSGGDHNEYGVTEATVVSTV,DVAVVGEVV-,trp
Q99ZA6,KGVQISHDNLLSFTNWMIEDAAFDVPKQPQMLAQPPYSFDLSVMYWAPTLALGGTLFALPKELVADFKQLFTTIAQLPVGIWTSTPSFADMAMLSDDFCQAKMPALTHFYFDGEELTVSTARKLFERFPSAKIINAYGPTEATVALSA,FWMPFDLSVMYPTSYFDGEINAYGPTEATVALSA,DLMTYDAVA-,ala
Q9C1G0,KGIYKEHTSVVNSITDLSARYGVSGSDDEVILLFSAYVFEPFVRQMLMALTTGNTLAIINDEDKFDPDILLPFIRRHKVTYLNGTASVVQEYDLTTCPSLKRLVLVGENLTEARYKALRRRFKARILSEYGFTESAFVTAL,SDLSFEPFVRQMNGVLVGELSEYGFTESAFVTAL,EPRNVVEFVE,aad
Q9C1G0,KGVMVEHHGVVNLAFSLAQIFGLRDTDDEVILSFSNYIFDHFVEQMTDALLNGQTLVVLNDEMRGDKERLYKYIEDNKVTYLSGTPSVISMYEFDRFHSHMRRIDCVGEAFSEPVFDKIRETFPGLVINGYGPTEVSITTSK,LSLSFDHFVEQDSGDCVGEINGYGPTEVSITTSK,DHESDVGIT-,cys
Q9C1G0,KGVLVEHSSVAKLRDSLVGRYFGDTNGSHAVLFLSNYVFDFSLEQLCLSIFSGNKLVIPPEEGLTHEFFYAVAEAEKLSYISGTPSTLQQIQLSRLNHLQMVTAAGEEFHSSHYDSMRGQFKGPINNAYGITETSVYNIV,LSLSFDFSLEQLSGTAAGENNAYGITETSVYNIV,DFESTAAVY-,val
Q9CG49,KGVEVSHDNLVTFTNWMNNDFMKIENNQILSQALYSFDLSIFSLYPSLTTGGTLISLSRDETTNFKLLFERLNKTVINTWISTPSFVDICLLDPSFTEKEHPQLVQFILCGEELTKKTAEKLLTAFPSANIYNTYGPTEATGAISS,FWMAFDLSIFSPISILCGEYNTYGPTEATGAISS,DLFIICTGA-,ala
Q9EZ79,KLIPRTHNDYDYSVRASAEICALTPQTRFLCALPtAHNYPMSSPARSAFSMRAAVSHGPNPEPLNCFFIIERHGVNMVALVPPAVALWSQAAPDHWQALSSLKLVQVGGASFAEALARQVPQVLGCKLQQVFGMAEGLVNYTR,SASLYPMSSPASALQVGGAQQVFGMAEGLVNYTR,PMPAQGVVN-,dhb
Q9FB17,PVSHRAITTAALEIDRAFRVGPGDRLLALAPADSPLALYELFGPLLAGAALVLTRDIDLRDPGALHEALRTHGVTLWHSPPALLGLLLDHLADRGGKLPESLRLVLLGGERLDPALVRRVRESAPHQPAVAHLSSATPSGPWTTC,AEIASPLALYEGHSLLGGEAHLSSATPSGPWTTC,PLYHLGLPW-,cys
Q9FB18,KGVLGTHRGAVNRVDWMSTAYPFRTGDVAVARTAPGFVDAVWELFGPLAAGVPLVLLPTDEARDPALLTAALERHRVSRMVTVPSLLTMLLDESARATDLGTRLACLRTWITSGEPLPPALARRFHDRLPGRTLLNLYGSSETAADATA,RWMTFVDAVWEGVTITSGELNLYGSSETAADATA,VDWVISLAD-,ala-b
Q9FB18,KGVMIDHLGAANTLECVNRRFGTGPGDAVLAVSSPSFDLAVYDLFGVLAAGGTVVVPAHDRRRDPGHWAELIRRERVTLWNSVPALGTLLTEYAEALAPDALRTLRAVLLSGDWIPLGLPDRIRALSAPGATVMSLGGATEASIWSVW,TCVSFDLAVYDGNSLLSGDMSLGGATEASIWSVW,DLYNLSLIW-,cys
Q9FB23,KGVLVPHRAIVNRLLWMQETYRLRPGERVLHKTPVTFDVSMWELLWPLTAGATVVMARPGTHRDPARLVRRIAREAVTTVHFVPSMLTPFLTELARGTTRLPALRRVVCSGEELPAAAVNRAAGLLDARLYNLYGPTEAAVDVTA,RWMTFDVSMWEWHFVCSGEYNLYGPTEAAVDVTA,DVWHVSLVD-,ser
Q9FB23,KTIGVPQRALAGYLRWAIGHYRLDEETVSPVHSSLGFDLTVTALLAPLAAGGQARLTDSGDPGALGAALAAGHHTLLKITPAHLAALAHQLGAPTALRTVVAGGEPLHAGHVRALRAFAPGARLVNEYGPTETTVGCCA,YWASFDLTVTAAKIVAGGEVNEYGPTETTVGCCA,DLTKVGEVG-,asn
Q9FB24,KGVLVTHANVTGLLAACREALPALDAPRTWSATHSPAFDFSVWEVWGPLTAGGRLVLVPPDVARAPDELWDTLRDEQVEVLSQTPSAFHHLLPTAVRRAAQATALELVVLGGEACEPARLTPWWDALGDRRPAVVNMYGITENTIHVTV,LACHFDFSVWEGSQVLGGEVNMYGITENTIHVTV,DFWSVGMIH-,thr
Q9FB26,KAVALQHDSAAAFLRWAGRAFDGGELAAVLATTSAGFDLSVFELFAPLAHGGTVVLADSALHVPALPWAPAATLLNTVPSAAAALLDADGLPDGLTAVNLAGEPLTAELVARLHARLPKAAVRNLYGPSEATTYATA,FWATFDLSVFEANTNLAGERNLYGPSEATTYATA,DLFNNALTY-,ala
Q9FB27,GVRVPHRGLTNYLTWCTGAYGLDGGTGTLVHTSISFDLTLTTLFGPLLAGGQVVMLSETAGVTGLIAALRSRRDLTLVKLTPTHLDVVNQLLTPDELRGAVRTLVVGGEAVRAESLEPFRASGTRVVNEYGPSETVVGSVA,YWCTFDLTLTTGKLVVGGEVNEYGPSETVVGSVA,DLTKVGEVG-,asn
Q9FDB0,KCVVVNNQATSNVIGQTGQAWHLTSEDVVMSVTPLHHDMSVFDLFATLSFGATLVLPAGHEEKDALQWNRLIERHQVTIWVSVPAILEMLLSCTQAGQLHSLRLIAQGGDYIKPATIAQLRAGSNPPRLISLGGPTETTIWSIW,VQTTHDMSVFDAVSAQGGDISLGGPTETTIWSIW,DMFVAGLIW-,thr
Q9FDB2,KLIPRTHNDYAYSVTASVEICRFDQHTRYLCVLPaAHNFPLSSPGALGVFWAGGCVVLSQDASPQHAFKLIEQHKITVTALVPPLALLWMDHAEKSTYDLSSLHFVQVGGAKFSEAAARRLPKALGCQLQQVFGMAEGLVNYTR,SASLFPLSSPGGALQVGGAQQVFGMAEGLVNYTR,PLPAQGVVN-,dhb
Q9FDB3,KGVMVEHRNVARLFSATQDWFGFNEQDVWALFHSFAFDFSVWEIWGALLHGGRLLIVPQLVSRSPEDFYNLLCSAGVTVLNQTPSAFRQLIAAQDDKEQVHSLRQVIFGGEALETAMLKPWYARKVNASTQLVNMYGITETTVHVTY,LATHFDFSVWEGNQIFGGEVNMYGITETTVHVTY,DFWNIGMVH-,dht
Q9FDB3,KGVAMPHAPLVNLMQWQIAQSVEDSRPRQRTLQFAALGFDVAFQEIFSTLCAGGELSLIHADTRLNFRRLFEHICEQRIERLYMPCIALQALAEAVVTEPEQPECLLQDVITAGEQLRITEpMRQFFARLNDARLHNHYGPTESHVVTAL,LWQAFDVAFQESYMITAGEHNHYGPTESHVVTAL,DVQYIAHVV-,pro
Q9FDB3,KGVLVPHRAISRLVINNGYADFNAQDRVAFASNPAFDASTLDVWAPLLNGGCVVVIGQHDLLSPLNFQRLLLEQSVSVLWMTAGLFHQYATGLGEAFSRLRYLIVGGDVLDPAVIARVLANNAPQHLLNGYGPTEATTFSAT,LNNSFDASTLDAWMIVGGDLNGYGPTEATTFSAT,DALWIGGTF-,val
Q9FDB3,KGVLVPHRAISRLVIDNGYADFNGQDRVAFASNPAFDASTLDVWAPLLNGGCVIVVEQSVLLSQEAFRALLLAQSISVLWLTAGLFHQYADGLMEVFAGLRYLIVGGDVLDPAVIARVLAQGAPQHLLNGYGPTEATTFSTT,LDNSFDASTLDAWLIVGGDLNGYGPTEATTFSTT,DALWIGGTF-,val
Q9FDB3,KGVMIEHRNTVNFLTWAHAAFDAGTNNSALEKTLFSTSLNFDLAVYECFAPLTSGGSIEVVRNVLELQHLDDDIRLINTVPSALKALLETDGLPKSVHTVNVAGEALKRSLVEALFEQTGVQRLCNLYGPSETTTYSSW,FWATFDLAVYEANTNVAGECNLYGPSETTTYSSW,DLYNNALTY-,ala
Q9HWG4,KGVMLSHAAVSNTLLDINQRYGVDANDRVLGLAELSFDLSVYDFFGATAAGAQVVLPDPARGSDPSHWAELLERHAITLWNSVPAQGQMLIDYLESEPQRHLPGPRCVLWSGDWIPVSLPTRWWRRWPDSALFSLGGATEAAIWSIE,TDIAFDLSVYDGNSLWSGDFSLGGATEAAIWSIE,DLYNLSLIW-,cys
Q9I157,KGVGNTHAALAERLQWMQATYTLDGDDVLMQKAPVSFDVSVWECFWPLVTGCRLVLAAPGEHRDPARLVELVRQFGVTTLHFVPPLLQLFIDEPGVAACGSLRRLFSGGEALPAELRNRVLQRLPAVALHNRYGPTETAINVTH,RWMAFDVSVWEWHFFSGGEHNRYGPTETAINVTH,DVWHFGRIN-,glu
Q9I182,KGTLLTHRNALRLFSATEAWFGFDERDVWTLFHSYAFDFSVWEIFGALLYGGCLVIVPQWVSRSPEDFYRLLCREGVTVLNQTPSAFKQLMAVACSADMATQQPALRYVIFGGEALDLQSLRPWFQRFGDRQPQLVNMYGITETTVHVTY,LATHFDFSVWEGNQIFGGEVNMYGITETTVHVTY,DFWNIGMVH-,thr
Q9I182,KGTLLTHRNALRLFSATEAWFGFDERDVWTLFHSYAFDFSVWEIFGALLYGGRLVIVPQWVSRSPEDFYRLLCREGVTVLNQTPSAFKQLMAVACSADMATQQPALRYVIFGGEALDLQSLRPWFQRFGDRQPQLVNMYGITETTVHVTY,LATHFDFSVWEGNQIFGGEVNMYGITETTVHVTY,DFWNIGMVH-,thr
Q9K5L9,KGVVVNHQAVNRLVKNTNYVQLTPDDRVAQAANIAFDAATFEIWGALLNGAKLVMITKSVLLSPQEFAANIRDREVSVLFLTTALFNQLASFVPQAFSSLRYLLFGGEAVDPQWVQEVLEKGAPKQLLHVYGPTENTTFSSW,LNTAFDAATFEGFLLFGGELHVYGPTENTTFSSW,DAFFLGVTF-,ile
Q9K5M1,KGVLVNHSHVVRLFAATDSWYNFNSQDVWTMFHSYAFDFSVWEVWGALLYGGRLVVVGYLVTRSPKSFYELLCQEKVTILNQTPSAFRQLIPAEQSIATVGDLNLRLVIFGGETLELNSLQPWFDRHGDQSPQLVNMYGITETTVHVTY,LATHFDFSVWEGNQIFGGEVNMYGITETTVHVTY,DFWNIGMVH-,thr
Q9K5M2,KGVMLSHSNLCNHMSWMQATFPLTEKDKVLQKTPFGFDASVWEFYAPLLAGGQLLIAKPGGHTDSAYLLRLIAQQQVTIVQLVPSLLQMLLEQGGIETCHSLKHVFCGGEVLPVALLEGLLSKLDVNLHNLYGPTETCIDATF,HWMTFDASVWEAQLFCGGEHNLYGPTETCIDATF,DAWQFGLID-,gln
Q9K5M2,KGVLVNHHHVTRLFAATNSWYKFNSQDVWTMFHSYAFDFSVWEIWGALLYGGRLVVVPYLLTRSPESFYKLLSQEQVTILNQTPSAFRQLIQAEQSIGMSNLNLRLVIFGGEALELESLQPWFERHGDQKPQLVNMYGITETTVHVTY,LATHFDFSVWEGNQIFGGEVNMYGITETTVHVTY,DFWNIGMVH-,thr
Q9KID8,KAVLMPGVSAVNLLLWQERTMGREPASRTVQFVTPTFDYSVQEIFSALLGGTLVIPPDEVRFDPPGLARWMDEQAITRIYAPTAVLRALIEHVDPHSDQLAALRHLCQGGEALILDARLRELCRHRPHLRVHNHYGPAESQLITGY,LWQVFDYSVQESYACQGGEHNHYGPAESQLITGY,DYQYCGHLI-,pip
Q9KWY7,KGVMVPHRAFGSLTRSAEQFAQTPDSRVLRFASPSFDVSLLELLMTFDAGATLVLEPRALLVPGEDLARLIRERPVSTVLLSPSALSTLTAGELPGLRTVVMAGEAATLELAQQWCDGRDVFNGYGPTEATVLATI,LSAAFDVSLLEMLLVMAGEFNGYGPTEATVLATI,DVLLVAGVL-,pro
Q9KWY8,KGVLNEHGPVCNRIRWGMPAFPPGPGTIVLQKTPIHFDVSVWEMFWTLATGATLVLARPDGHRDPQYLAGRLVEEGVTDVHFVPSMLAAFLDVGALPEGHSLRRVFCSGEALSPGLRDRLFARLPHVELHNLYGPTEAAIEVTH,RWGTFDVSVWEWHFFCSGEHNLYGPTEAAIEVTH,DVWHFSLIE-,ser
Q9L6D0,KGVGNTHGALAERLQCMQTTYQLDESDVLMQKAPISFDVSVWECFWPLITGCRLVLAGPGEHRDPHRIAQLVQEHGVTTLHFVPPLLQLFVDEPLAAKCTSLRRVFSGGKALPAELRNRVLAQWPAVQLHNRYGPTETAINVTH,RCMAFDVSVWEWHFFSGGKHNRYGPTETAINVTH,DVWHFGRIN-,glu
Q9L8H4,KGVVMPAGGLLNLLQWHHRAVGDEPGTRTAQFTAISFDVSAQEVLSSVAFGKTLVIPDEEVRRDAARFAGWLDDRQVDELFAPNLVLEALAEAAVETGRTLPQLRTVAQAGEALTLSRTVRAFHRSAPGRRLHNHYGPTETHVVTAH,LWHTFDVSAQESFAAQAGEHNHYGPTETHVVTAH,DVQFAAHVV-,pro
Q9L8H4,KGVVVPHSALVNFVTAMRRQAPLRPQERLLAVTTVAFDIAALELYHPLLSGAAVVLAPKEAVPQPSAVLDLIARHGVTTVQGTPSLWQLLVGHDAEALRGLRMLVGGEALPLSLAEALRALTDDLVNLYGPTETTIWSTA,FAMTFDIAALEHQGLVGGEVNLYGPTETTIWSTA,DILQLGLIW-,gly
Q9L8H4,KGVIATHRNITALALDPRFDPTAHRRVLLHSPTAFDASTYEIWVPLLNGNTVVLAPTGDLDVHTYHRVITDQQITALWLTSWVFNLLTEQSPETFTRVRQIWTGGEAVSGATVTRLQQACPDTTVVDGYGPTETTTFATH,LDPSFDASTYEVWLWTGGEVDGYGPTETTTFATH,DAYWWGGTF-,val
Q9R9I9,KGVMVEHRSVINRLVWMQENYPLDERDAILQKTAITFDVSVWELFWWSIVGSKVVLLPNGGEKNPELILDTIEQKGVSTLHFVPAMLHAFLESMEQTPSGKLKRKLASLRYVFASGEALTPKHVDGFQRIITPvsHAQIINLYGPTEATIDVSY,RWMTFDVSVWEWHFFASGEINLYGPTEATIDVSY,DVWHFSLIDK,ser
Q9R9I9,KGVLIEHQGLTNYIWWADRVYVKGEKTTFPLYSSIAFDLTVTSIFTPLISGNAIIVYGDKDRTTLLSSIIEDSRVDIIKLTPAHLQLLKEMNISPECTIRKMIVGGDNLSTRLAQNISEQFQDQIEIFNEYGPTETVVGCMI,YWASFDLTVTSTKLIVGGDFNEYGPTETVVGCMI,DLTKIGEVG-,asn
Q9R9J0,KGVMVEHGGIVNSLQWKKAFFKHSAEDRVLVLYPYVFDAFILNFFGPLISGAALYLLPNEDNKDLFAIQNVLKLERITHFSTSPRLLQAMTEQMNAEDFYHVQHVVVGGEKLEPDTVERLFSLQPQIRINNEYGPTENSVVSTF,SWKYFDAFILNGSTVVGGENNEYGPTENSVVSTF,DALSVGEVV-,tyr
Q9R9J0,KGVLIEHRGLSNYIWWAKEVYVKNEKTNFPLYSSISFDLTVTSIFTPLVTGNTIIVYDGEDKTALLSSIVQDQRVDIIKLTPAHLHVLKAMNIANKIAIRKMIVGGENLSTQLAQSIHEQFDGQIEICNEYGPTETVVGCML,YWASFDLTVTSTKLIVGGECNEYGPTETVVGCML,DLTKIGEVGK,asn
Q9R9J0,KGTLIEHRQVIHLIEGLRNAVYSAYDGVLHVAMLAPYYFDASVQQIYASLLLGHTLFIVPKEAVSDGEALCQYYRQHRIDVTDGTPAHLKLLVAADDGEGVPLRHLLIGGEALPKTTVTKFIHLFGAdRAAPAITNVYGPTETCVDASL,LGLAFDASVQQADGLIGGETNVYGPTETCVDASL,DAQDLGVVDK,gln
Q9R9J0,KGVQLEHKTMLNLLAYEREYTQLRFDRVLQFAAMSFDVCYQEIFSTILSGGTLYIIDNEAKREIRELNEFVKTHRIQTAFLPTAFLKLLASEKQYFEPFAECVDHIITAGEQLIMTNTLREMMMRHQVSLHNHYGPSETHVVTMC,LYEAFDVCYQESFLITAGEHNHYGPSETHVVTMC,DVQFIAHVV-,pro
Q9R9J1,KGVLIEHRGLANYIEWAKEVYVNDEKTNFPLYSSISFDLTVTSIFTPLVTGNTIIVFDGEDKSAVLSTIMQDPRIDIIKLTPAHLHVLKEMKIADGTTIRKMIVGGENLSTRLAQSVSEQFKGQLDIFNEYGPTEAVVGCMI,YWASFDLTVTSTKLIVGGEFNEYGPTEAVVGCMI,DLTKIGEVG-,asn
Q9RAH1,KGVMVEHKGLCNLAQAQIQTFGLTSDSRVLQFASFSFDASISEILMALGSGATLYLGTKDSLLPGKPLIEQLSNHCITHITLPPSALAVMPGSELSALQTIIVAGEASSAELIRQWSAGRNFFNAYGPTEASVCATI,LAQAFDASISEMTLIVAGEFNAYGPTEASVCATI,DASTIAAVC-,tyr
Q9RAH1,KGVALNQLALCNLILWQLQNNTISTGAKTLQFAPISFDVSFQEIFTTWFSGGTLFLITEELRRDTSALLGFLQQKAIERLFVPFVALQQLAEVAIGGELVNSHLREIITAGEQLQMTpAISQWLSKLNDCTLHNHYGPSESHVIITF,LWQAFDVSFQETFVITAGEHNHYGPSESHVIITF,DVQFIAHVI-,pro
Q9RAH2,KGVLIAHQGLLNLVFWHQRTFKITTLDKATQLAGTAFDAAVWELWPYLTAGASIYLVKPEILLSPVDLQDWLESKKITISFLPTPMAEQLLSLEWPESTTLRTMLTGGDKLHRYPSGLLPFQVVNNYGPTENTVVSTS,LWHAFDAAVWEPFLLTGGDVNNYGPTENTVVSTS,DAWFLGNVV-,leu
Q9RAH2,KGVQVSHNCVVNFLASMSHCPGLTDSDTFCAVTTISFDIAALELYLPLIVGAKVVVVGREVASDGARLLLELQHSSTTVMQATPATWQMLVASGLSTQQLGMKLLCGGEALPPQLAHQLLETGAQVWNLYGPTETTIWSSI,FSMTFDIAALELQALCGGEWNLYGPTETTIWSSI,DILQLGLIW-,gly
Q9RAH2,KGVQLPHRGLSNYLHWAKDYYAVAQGQGTPVQSSLSFDATITSLYLPLICGRTTILVREKQELQLLADIVKQNnHLSLVKITPSHLEILNQQIEPDTMPNRVNAFVLGGEALHANQIIPWLTHAPDTRLINEYGPTEAVVGCCV,YWASFDATITSLKIVLGGEINEYGPTEAVVGCCV,DATKVGEVG-,asn
Q9RAH4,KGVAVTHQAVNRLVLNTNYIQLTADECVAQAANIAFDAATFEIWGALLSGAKLVIITKSVLLLPEEFAVNIHKHKISVLFLTTALFNQLASVVPQAFSSLRYLLFGGEAVDPKWVLEVLDKGAPQHLLHVYGPTENTTFSSW,LNTAFDAATFEGFLLFGGELHVYGPTENTTFSSW,DAFFLGVTF-,ile
Q9RAH4,KGAMNTHLGICNRLLWMQQAYQLTALDCILQKTPFSFDVSVWEFFWPLITGARLVVAKPGGHKDSAYLVNLILEQQVTHVHFVPSMLQVFLEEQNLENCRSLKRVICSGEALPVELQERFFARLECELHNLYGPTEAAIDVTY,RWMTFDVSVWEWHFICSGEHNLYGPTEAAIDVTY,DVWHISLID-,ser
Q9RAH4,KGIAMNQLALSNLILWHRENLKIPRGAKTLQFASINFDVSFQEIFTTWCSGGTLFLIGEELRRDTSALLGFLQQKAIERMFLPFVALQQLAEVAIGGELVNSHLREIITAGEQLQiTPAISQWLSKLTDCTLHNHYGPSESHLATSF,LWHAFDVSFQETFLITAGEHNHYGPSESHLATSF,DVQFIAHLA-,pro
Q9RAH4,KGVLIAHQGLLNLVFWHQNTFKITTLDKATQLAGTAFDAAVWELWPYLTAGASIYLVKSEFLSSLVKLRDWLISKKITISFLPTPLAQELLSLEWPTESLALRTILTGGDKLHQYPSDLVPSQLVNNYGPTENTVVTTS,LWHAFDAAVWEPFLLTGGDVNNYGPTENTVVTTS,DAWFLGNVVK,leu
Q9RFK8,KGVMIDHRGAVNTLLDMNERFNVGPRDRVLALSSLSFDLSVYDLFGVLAAGGAIVMPEPGTSRDPGRWQVLLEKTGVTIWNSVPALMDMLVEFSEGSGLRLPDSLRLVLMSGDWIPVTLPGRIRALSKNAELVSLGGATEASIWSIL,TDMSFDLSVYDGNSLMSGDVSLGGATEASIWSIL,DLYNLSLIW-,cys
Q9RFM7,KGVMLSHAAVSNTLLDINQRYGVDANDRVLGLAELSFDLSVYDFFGATAAGAQVVLPDPARGSDPSHWAELLERHAITLWNSVPAQGQMLIDYLESEPQRHLPGPRCVLWSGDWIPVSLPTRWWRRWPDSALFSLGGATEAAIWSIE,TDIAFDLSVYDGNSLWSGDFSLGGATEAAIWSIE,DLYNLSLIW-,cys
Q9RFM8,KGVEVSHAAAINTIDALLDLLRVDAADRLLAVSALDFDLSVFDLFGGLGAGASLVLPAQEQARDAAAWAEAIQRHAVSLWNSAPALLEMALSLPASQADYRSLRAVLLSGDWVALDLPGRLRPRCAEGCRLHVLGGATEAGIWSNL,TALSFDLSVFDGNSLLSGDHVLGGATEAGIWSNL,DLFNLSLIW-,cys
Q9RFM9,KLIPRRHREYLYNVRASAEVCGFDEHTVYLTGLPmAHNFTLCCPGVIGTLLAGGRVVVSQRADPEHCFALIARERVTHTALVPPLAMLWLDAQESRRADLSSLRLLQVGGSRLGSSAAQRVEPVLGCQLQQVLGMAEGLICYTR,NASLFTLCCPGGALQVGGSQQVLGMAEGLICYTR,TLPAQGVICR,sal
Q9RK14,KGAMIRHEAISERLLWQIHEILGFGHDDASLFKAPLSFDISINEIFLPLVSGGRLVVLRPGGERDPHHLLSVIDEQRVTFTYLVSSMLDVLLEMAGDSGRLDSLRHVWCGGEVLTPELYERFRTRLDIPLYHGYGPAETTIGVSH,RWQAFDISINELYLWCGGEYHGYGPAETTIGVSH,DINYWGGIG-,orn
Q9RK14,KGVVVPHSSVVTLLANTRPVMNFGPDDVWVQFHSFSFDFAVWELWGALTHGGELLVPDYGLTRSPVDFHRLVRERGVTVLNQTPSAFHRFAEADRHAGEPLPALRRIIFGGEGLDLARLRDWVARHGTESPELVNMYGITETTVHVTH,LNTHFDFAVWEGNQIFGGEVNMYGITETTVHVTH,DFWNIGMVH-,thr
Q9RK14,KGVVTEYAGLTNMLVNHRRRIFEPVLARHGHRTFRVAHTVSFAFDMSWEELLWLADGHEVHVCDEELRRDAPRLVAYCLEHGIDVVNVTPTYAQQLLAEGLLDDPARRPALVLLGGEAVTPALWTRLAATEGTVGYNLYGPTEYTINTLG,MNHVFDMSWEEWNVLLGGEYNLYGPTEYTINTLG,DMENLGLIN-,orn
Q9RLP6,KGVAVTHKNLTHLIAVLEERLPKPGVWPLCHSLAFDASVWEISNALLRGGRLVVVPEAVAGSPEDFHDLLVAEQVTFLTQTPSAVAMLSPDGLESMTLAVVGEACPPALVDRWATNRTMINAYGPTETTICVTS,LVLHFDASVWENTQAVVGEINAYGPTETTICVTS,DAWTAVAIC-,phe
Q9RLP6,KGVAVTHRNVAQLLDTLGAQLELGQTWTQCHSLAFDYSVWEIWGPLLNGGRLLMVPDAVVRSPEDLHAMLVAEQVSMLSQTPSAFYALQTADALYPERGEQLKLQTVVFGGEALEPHRLSGWMHAHPGMPRMINMYGITETTVHASF,LTLHFDYSVWEGSQVFGGEINMYGITETTVHASF,DYWSVGMVH-,thr
Q9RLP6,KAVAVTHHNVTQLVSALHADLPSGPGQVWSQWHSLVFDVSVWEIWGALLHGGRLVVVPESVGSSPDDLHNLLITEKVSVLCQTPSAAGMLSPEGLESTTLIVAGEACPTELVDRWAPGRVMINAYGPTEATIYAAM,LALHFDVSVWEGCQIVAGEINAYGPTEATIYAAM,DVWCIAAIY-,ala
Q9RLP6,KGVAITHGNVTQVLDTLPAELPAGPGAVWSQWHSLVFDVSVWEIWGALLHGGRLVIVPESIAGSPDDLHALLVSEGVNVLYQTPSAVRMMSPEGLEGTALVVAGEACPTEVVDRWAVDRVMINAYGPTESTIYAAI,VTLHFDVSVWEGYQVVAGEINAYGPTESTIYAAI,DVWYVAAIY-,alaninol
Q9RNA9,KGVMNIHQGICNTLKYNIDNYNLNSEDRILQITPFSFDVSVWEVFSSLTSGATLVVTKPDGYKDIDYLIDLIVQEQVTCFTCVPSILRVFLQHPKSKDCHCLKRVIVGGEALSYELNQRFFQQLNCELYNAYGPTEVAVDATV,TYNTFDVSVWESTCIVGGEYNAYGPTEVAVDATV,DVWTIGAVD-,arg
Q9RNB0,KGVLISHRGLMNLICWHQDAFEITPLDKITQLARIAFDAAVWELWPCLTAGASLVLVKPEIMQSPPDLRDWLIAQEITVSFLPTPLVEKILSLEWDENIALRIILTGGDKLHHYPSGLMPFKLINNYGPTENSVVTTS,LWHAFDAAVWEPFLLTGGDINNYGPTENSVVTTS,DAWFLGNVV-,leu
Q9RNB1,KGVMNNHKGIRNRLLWMQDTYQLTKSDCILQKTPFSFDVSVWEFFWPLLAGATLVVAEPEGHKDSTYLIQLIQKQQITTLHFVPSMLRVFLQEPELKGCSSLKRVFCSGEALSLELTQRFFEHFDCELHNLYGPTEAAIDVTY,RWMTFDVSVWEWHFFCSGEHNLYGPTEAAIDVTY,DVWHFSLID-,ser
Q9RNB1,KGVVIEHHSTTTLLNWSKEVFSSEELAGVLGSTSICFDLSVFELFLPLAVGGKIILAQNVLDLPSLSAAKEVTLINTVPTAIAQLLEIEAIPETVRTVNLAGEALSNQLVQKLYQQENIKNVYNLYGPSEDTTYSTF,LWSTFDLSVFELNTNLAGEYNLYGPSEDTTYSTF,DLFNNALTY-,ala
Q9RNB3,KGVMGRHISILNVIQSLRLTFDLDKHPEWRYIFTAAVTHDPSIRNIFLPLTIGASLYMYEIKYIGHLVSFLQENQINALHTTPSIYREILGLLEPGETISSLKYISVGGEKLDRETALALRKRFPAEIIsNVYGSTETCVGVSQ,VSLAHDPSIRNLHTSVGGEINVYGSTETCVGVSQ,DPRHSGVVG-,glu
Q9S1A7,KGVMNIHQGICNTLKYNIDNYNLNSEERILQITPFSFDVSVWEIFLSLTSGATLVVAKPDGYKDIDYLIDLIVQEQVTCFTCVPSILRVFLQHSKSKDCHCLKRVIVGGEALSYELNQRFFQQLNCELYNAYGPTEVAVETTI,TYNTFDVSVWELTCIVGGEYNAYGPTEVAVETTI,DVWTIGAVE-,arg
Q9S1A8,KGVLISHRGLMNLICWHQDAFEITPLDKITQLARSAFDAAVWELWPCLTAGASLVLVKPEIMQSPPDLRDWLIAQEITVSFLPTPLVEKILSLKWDENIALRIILTGGDKLHHYPSVSMPFKLINNYGPTENTVVTTS,LWHAFDAAVWEPFLLTGGDINNYGPTENTVVTTS,DAWFLGNVV-,leu
Q9S1A9,KGVMNNHKGIRNRLLWMQDTYQLTKSDGILQKTPFSFDVSVWEFFWPLLAGATLVVAKPEGHKDSTYLIQLIQKQQITTLHFVPSMLRVFLQEPELKECSSLKRVFCSGEALSLDLTQRFFEHFDCELHNLYGPTEAAIDVTY,RWMTFDVSVWEWHFFCSGEHNLYGPTEAAIDVTY,DVWHFSLID-,ser
Q9S1A9,KGVVIEHHSTTTLLNWSKEVFSSEELAGVLGSTSICFDLSVFELFLPLAVGGKIILAQNVLDLPSLSAAKEVTLINTVPTAIAQLLEIEAIPETVQTVNFAGEALSNQLVQKLYQQENIKNVYNLYGPSEDTTYSTF,LWSTFDLSVFELNTNFAGEYNLYGPSEDTTYSTF,DLFNNALTY-,ala
Q9X2N4,KGVQIRYESLNEFTNWMVDLNKIGENQQWLNQAPFSFDLSVMAIYPCLATAGTLNLVDKTMINKPKLLNDMLEQSKINVWVSTPSFMEMCLMLPNLAETHYESLKEFFFCGEILPHKTAKMLLQRFPSAYIYNTYGPTEATVAVTS,FWMAFDLSVMAPVSFFCGEYNTYGPTEATVAVTS,DLMVFCTVA-,ala
Q9Z4X5,KGVVIEHHALATYLHRARNTYTAMTGVTVLHSPLAFDLTITALWTPLTAGGTVHLTSLEEAEVQPSLIKATPSHLPLLTNLAATASPSHTLILGGEALHTDQLTDWRTQHPGAQIINAYGPTESTVNITD,YRASFDLTITATKAILGGEINAYGPTESTVNITD,DLTKIGAVN-,asp
Q9Z4X5,KGVVVPRGALDNFLADMGRRFTPGSGDRLLAVTTVGFDIAGLEIFLPLLHGAVLVLADEETARDPHALLHRVSASGITMVQATPSLWQGVAAVAGDELAGVRVLVGGEALPSELARALTDRARSVTNLYGPTEATIWATA,FDMTFDIAGLELQALVGGETNLYGPTEATIWATA,DILQLGLIW-,gly
Q9Z4X5,KGVLVEHQPVLNYLAVSAELYPGVAGNALLHSPLSFDLTVTGLFAPLLNGGCVHLADLEELHARALDGEVPDLpQTTFLKATPSHLPLITGLPGVCVPDGELVLGGESLTGRAVRTLLAAHPGARVLNEYGPTETIVGCTT,YVSSFDLTVTGAKAVLGGELNEYGPTETIVGCTT,DLTKVGEVG-,asn
Q9Z4X6,KGVVISHRAIVNRLAWMQDTYGLEPSDRVLQKTPSGFDVSVWEFFWPLVQGATLVVARPGGHTDPAYLAGTVRREGVTTLHFVPSMLDVFLREPAAAALGGATPVRRVFCSGEALPAELRARFRAVSDVPLHNLYGPTEAAVDVTY,RWMTFDVSVWEWHFFCSGEHNLYGPTEAAVDVTY,DVWHFSLVD-,ser
Q9Z4X6,KGVAVPHGNVVRLFSATAPWFGFDEHDVWTLFHSYAFDFSVWELWGPLLHGGRLVVVPHDVTRDPAAFLALLARERVTVLNQTPSAFHQLAAADRENPTELALRTVVFGGEALDLSRLADWYERHAEDAPALVNMYGITETTVHVSH,LATHFDFSVWEGNQVFGGEVNMYGITETTVHVSH,DFWNVGMVH-,thr
Q9Z4X6,KGVVVTHTGLPGLLDIFTRDCAAGPGSRILQHLSPSFDASFWELAMGLLTGATLVVAPPETTPGPELAELATRHAATHLSLTTSVLGLLPPDSLPDGLTLVVGAEAIPPELVERWSPGRTMLNSYGPTETTVCSTM,LIFLFDASFWEMSLVVGAELNSYGPTETTVCSTM,DAWSVGSVC-,trp
Q9Z4X6,KGVVIEHHALATYLHRARNTYTAMTGVTVLHSPLAFDLTITALWTPLTSGGTVHLTSLEESDTQPSLIKATPSHLPLLTTLPETASPSHTLILGGEALHTDHLVTWRTQHPGVQIINAYGPTESTVNITD,YRASFDLTITATKAILGGEINAYGPTESTVNITD,DLTKIGAVN-,asp
Q9Z4X6,KGVVIEHHALATYLHRARNTYTAMTGVTVLHSPLAFDLTITALWTPLTAGGTVHLTSLEEAEVQPSLIKATPSHLPLLTTLPETASPSHTLILGGEALHTDHLATWRTQHPGAQIINAYGPTESTVNITD,YRASFDLTITATKAILGGEINAYGPTESTVNITD,DLTKIGAVN-,asp
Q9Z4X6,KGVAVTHRGVVDLVRDHCWRPGVHERVLLHAPHAFDVSCYEMWVPLVSGGTVVVAPPGHLDPAAITDLITAHDITAIHLTAGFFRVVAEEAPECFAGVREVLTGGDVVSPAAVARVLAHHPRIVLRHLYGPTETTLCVTQ,LDHAFDVSCYEVHLLTGGDRHLYGPTETTLCVTQ,DVYHLGLLC-,hpg
Q9Z5F4,KGVMIPHRGVVNFLLCMRRTLGLKRTDSLLAVTTYCFDIAALELLLPLCAGAQVIIASAETVRDAQALKRALRTHRPTLMQATPATWTLLFQSGWENAERVRILCGGEALPESLKAHFVRTASDVWNMFGPTETTIWSTM,FCMTFDIAALELQALCGGEWNMFGPTETTIWSTM,DILQLGMIW-,gly
Q9ZGA6,KAVLMPGVSAVNLLLWQERTMGREPASRTVQFVTATFDYSVQEIFSALLGGTLVIPPDEARFDPPGLARWMDEQAITRIYAPTAVLRALVEHVDPHSDQLSALRHLCQGGEALALDARLRELCRHRPHLRVHNHYGPAESQLITGY,LWQVFDYSVQESYACQGGEHNHYGPAESQLITGY,DYQYCGHLI-,pip
